"Numer RSPO";Typ;Nazwa;Ulica;"Numer budynku";"Numer lokalu";"Kod pocztowy";Miejscowość;"Kod terytorialny ulica";"Kod terytorialny miejscowosc";"Kod terytorialny gmina";Telefon;Faks;E-mail;"Strona www";Województwo;Powiat;Gmina;REGON;NIP;"Publiczność status";"Kategoria uczniów";"Specyfika placówki";"Imię i nazwisko dyrektora";"Nazwa organu prowadzącego";"Typ organu prowadzącego";"Województwo organu prowadzącego";"Powiat organu prowadzącego";"Gmina organu prowadzącego";"Data założenia";"Data likwidacji"
31470;"Liceum ogólnokształcące";"LICEUM OGÓLNOKSZTAŁCĄCE - GKJ";"al. marsz. Józefa Piłsudskiego";"135 ";" ";"92-318 ";Łódź;16270;0957650;1061011;"426741724 ";"426741724 ";dobreliceumgkj@gmail.com;http://www.szkolypilsudskiego.edu.pl;ŁÓDZKIE;Łódź;"Łódź - gmina miejska";"101488495 ";"7281676967 ";niepubliczna;"Dzieci lub młodzież";"brak specyfiki";"GRAŻYNA KAŹMIERCZAK-JAKUBIAK";"GRAŻYNA KAŹMIERCZAKJAKUBIAK";"Osoba fizyczna";ŁÓDZKIE;Łódź;Łódź;2011-10-17;
30897;"Liceum ogólnokształcące";"LICEUM OGÓLNOKSZTAŁCĄCE DLA DOROSŁYCH";"al. marsz. Józefa Piłsudskiego";"135 ";" ";"92-332 ";Łódź;16270;0957650;1061011;"426741724 ";"426741724 ";dobreliceumgkj@gmail.com;http://www.gkj.edu.pl;ŁÓDZKIE;Łódź;"Łódź - gmina miejska";"101485255 ";"9471744696 ";niepubliczna;Dorośli;"brak specyfiki";"Grażyna Kaźmierczak - Jakubiak";"Teodozja Ziemba";"Osoba fizyczna";ŁÓDZKIE;Łódź;Łódź-Górna;2004-10-21;
31585;"Liceum ogólnokształcące";"LICEUM OGÓLNOKSZTAŁCĄCE DLA DOROSŁYCH";"ul. Stefana Jaracza";"70 ";" ";"90-251 ";Łódź;07240;0957650;1061011;"426791996 ";" ";lko_jaracza70@op.pl;http://www.slko.pl;ŁÓDZKIE;Łódź;"Łódź - gmina miejska";"101483150 ";"7251732885 ";niepubliczna;Dorośli;"brak specyfiki";"Barbara Łukasik";"ŁÓDZKA KORPORACJA OŚWIATOWA SP. Z O.O.";"Spółki Handlowe";ŁÓDZKIE;Łódź;Łódź;1998-09-08;
41194;"Liceum ogólnokształcące";"LVI LICEUM OGÓLNOKSZTAŁCĄCE SPECJALNE";"ul. Dziewanny";"24 ";" ";"91-866 ";Łódź;04657;0957650;1061011;"426577941 ";"426577811 ";slabowidz@blind.edu.pl;http://www.blind.edu.pl;ŁÓDZKIE;Łódź;"Łódź - gmina miejska";"470780940 ";" ";publiczna;"Dzieci lub młodzież";specjalna;;"ŁÓDŹ-MIASTO NA PRAWACH POWIATU";"Miasto na prawach powiatu";ŁÓDZKIE;Łódź;Łódź-Śródmieście;1993-09-01;
39055;"Liceum ogólnokształcące";"KATOLICKIE LICEUM OGÓLNOKSZTAŁCĄCE IM. JANA PAWŁA II";"ul. Krzysztofa Kamila Baczyńskiego";"156 ";" ";"91-170 ";Łódź;00569;0957650;1061011;"426131860 ";" ";liceum@katolik.edu.pl;http://www.katolik.edu.pl;ŁÓDZKIE;Łódź;"Łódź - gmina miejska";"101488704 ";"9471886700 ";niepubliczna;"Dzieci lub młodzież";"brak specyfiki";;"ARCHIDIECEZJA ŁÓDZKA";"Organizacje Wyznaniowe";ŁÓDZKIE;Łódź;Łódź-Śródmieście;1991-04-23;
83530;"Liceum ogólnokształcące";"SALEZJAŃSKIE LICEUM OGÓLNOKSZTAŁCĄCE IM. KSIĘDZA BOSKO";;"34 ";" ";"90-046 ";Łódź;;0957650;1061011;"426718500 ";" ";szkola@wodna.edu.pl;http://;ŁÓDZKIE;Łódź;"Łódź - gmina miejska";"101512733 ";"1131083010 ";publiczna;"Dzieci lub młodzież";"brak specyfiki";;"TOWARZYSTWO SALEZJAŃSKIE - INSPEKTORIA (PROWINCJA) ŚW.STANISŁAWA KOSTKI";"Organizacje Wyznaniowe";MAZOWIECKIE;Warszawa;Praga-Północ;2005-12-28;
31605;"Liceum ogólnokształcące";"PUBLICZNE LICEUM OGÓLNOKSZTAŁCĄCE UNIWERSYTETU ŁÓDZKIEGO IM. ""SPRAWIEDLIWYCH WŚRÓD NARODÓW ŚWIATA""";"ul. Pomorska";"161 ";" ";"90-236 ";Łódź;17088;0957650;1061011;"426655688 ";" ";liceum@uni.lodz.pl;http://www.liceum.uni.lodz.pl;ŁÓDZKIE;Łódź;"Łódź - gmina miejska";"101483256 ";"7240003243 ";publiczna;"Dzieci lub młodzież";"brak specyfiki";"Tomasz Kłos";"UNIWERSYTET ŁÓDZKI";"Szkoły Wyższe Publiczne";ŁÓDZKIE;Łódź;Łódź;2008-12-23;
34945;"Liceum ogólnokształcące";"LICEUM OGÓLNOKSZTAŁCĄCE DLA DOROSŁYCH";"ul. Podhalańska";"2a ";" ";"93-224 ";Łódź;16756;0957650;1061011;"426741724 ";" ";dobreliceumgkj@gmail.com;http://;ŁÓDZKIE;Łódź;"Łódź - gmina miejska";"101487410 ";"7281676967 ";niepubliczna;Dorośli;"brak specyfiki";"GRAŻYNA KAŹMIERCZAK-JAKUBIAK";"GRAŻYNA KAŹMIERCZAKJAKUBIAK";"Osoba fizyczna";ŁÓDZKIE;Łódź;Łódź;2004-10-21;
31584;"Liceum ogólnokształcące";"KATOLICKIE LICEUM OGÓLNOKSZTAŁCĄCE IM. O. ANASTAZEGO PANKIEWICZA";"ul. bł. Anastazego Pankiewicza";"15 ";" ";"91-738 ";Łódź-Bałuty;39914;0957666;1061029;"42-656-11-24 ";" ";szkola.bernardyni@wp.pl;http://;ŁÓDZKIE;Łódź;"Łódź-Bałuty - delegatura";"101485172 ";"7261767394 ";niepubliczna;"Dzieci lub młodzież";"brak specyfiki";"Zbigniew Andrzejczak";"PROWINCJA NIEPOKALANEGO POCZĘCIA NMP ZAKONU BRACI MNIEJSZCH OO. BERNARDYNI";"Organizacje Wyznaniowe";MAŁOPOLSKIE;Kraków;Kraków-Śródmieście;1989-09-01;
264889;"Liceum ogólnokształcące";"LICEUM OGÓLNOKSZTAŁCĄCE DLA DOROSŁYCH ""EDUKATOR"" W ŁODZI";"ul. Krzysztofa Kamila Baczyńskiego";"156 ";" ";"91-170 ";Łódź-Bałuty;00569;0957666;1061029;" ";" ";;http://;ŁÓDZKIE;Łódź;"Łódź-Bałuty - delegatura";"368493457 ";" ";niepubliczna;Dorośli;"brak specyfiki";"MIROSŁAW PINEK";"MIROSŁAW PINEK";"Osoba fizyczna";ŁÓDZKIE;Łódź;Łódź-Bałuty;2017-09-28;
25439;"Liceum ogólnokształcące";"XXX LICEUM OGÓLNOKSZTAŁCĄCE IM. KS. BP. IGNACEGO KRASICKIEGO";"ul. gen. Józefa Sowińskiego";"50/56 ";" ";"91-485 ";Łódź-Bałuty;20625;0957666;1061029;"426539047 ";" ";kontakt@lo30.elodz.edu.pl;http://liceumnasowinskiego.pl;ŁÓDZKIE;Łódź;"Łódź-Bałuty - delegatura";"000217930 ";" ";publiczna;"Dzieci lub młodzież";"brak specyfiki";"Ewa Dudkiewicz";"ŁÓDŹ-MIASTO NA PRAWACH POWIATU";"Miasto na prawach powiatu";ŁÓDZKIE;Łódź;Łódź-Śródmieście;1999-01-01;
269398;"Liceum ogólnokształcące";"LICEUM ANAGRA";"ul. Łanowa";"4 ";" ";"91-103 ";Łódź-Bałuty;11512;0957666;1061029;"426325060 ";" ";;http://;ŁÓDZKIE;Łódź;"Łódź-Bałuty - delegatura";"381471537 ";" ";niepubliczna;"Dzieci lub młodzież";"brak specyfiki";"JOANNA MILLER STĘPIEŃ";"ZESPÓŁ EUROPEJSKICH SZKÓŁ NIEPUBLICZNYCH SPÓŁKA Z O.O.";"Spółki Handlowe";ŁÓDZKIE;Łódź;Łódź-Bałuty;2018-09-27;
25446;"Liceum ogólnokształcące";"XXIV LICEUM OGÓLNOKSZTAŁCĄCE IM. MARII SKŁODOWSKIEJ-CURIE";"ul. Marysińska";"61/67 ";" ";"91-850 ";Łódź-Bałuty;12436;0957666;1061029;"426574930 ";"426574930 ";kontakt@lo24.elodz.edu.pl;http://www.24lo.pl;ŁÓDZKIE;Łódź;"Łódź-Bałuty - delegatura";"000217580 ";" ";publiczna;"Dzieci lub młodzież";"brak specyfiki";"Jolanta Kalisiak";"ŁÓDŹ-MIASTO NA PRAWACH POWIATU";"Miasto na prawach powiatu";ŁÓDZKIE;Łódź;Łódź-Śródmieście;1999-01-01;
43740;"Liceum ogólnokształcące";"MUNDUROWE LICEUM OGÓLNOKSZTAŁCĄCE W ŁODZI";"ul. Klaretyńska";"9 ";" ";"91-117 ";Łódź-Bałuty;08476;0957666;1061029;"4268121111 ";" ";sekretariat@liceummundurowe.pl;http://www.liceummundurowe.pl;ŁÓDZKIE;Łódź;"Łódź-Bałuty - delegatura";"101498619 ";"9223004620 ";niepubliczna;"Dzieci lub młodzież";"brak specyfiki";"Magdalena Muraszewska";"EDU FORCE SPÓŁKA Z O.O.";"Spółki Handlowe";ŁÓDZKIE;Łódź;Łódź-Bałuty;2010-11-08;
25291;"Liceum ogólnokształcące";"XV LICEUM OGÓLNOKSZTAŁCĄCE IM. JANA KASPROWICZA";"ul. Traktorowa";"77 ";" ";"91-204 ";Łódź-Bałuty;22937;0957666;1061029;"422529803 ";" ";kontakt@lo15.elodz.edu.pl;http://www.xvlo.lodz.pl;ŁÓDZKIE;Łódź;"Łódź-Bałuty - delegatura";"000217395 ";" ";publiczna;"Dzieci lub młodzież";"brak specyfiki";"Ewa Kaczorowska";"ŁÓDŹ-MIASTO NA PRAWACH POWIATU";"Miasto na prawach powiatu";ŁÓDZKIE;Łódź;Łódź-Śródmieście;1999-01-01;
27325;"Liceum ogólnokształcące";"XLII LICEUM OGÓLNOKSZTAŁCĄCE IM. IRENY SENDLEROWEJ";"ul. Stawowa";"28 ";" ";"91-358 ";Łódź-Bałuty;21101;0957666;1061029;"426592076 ";" ";zso4lodz@op.pl;http://www.lo42lodz.pl;ŁÓDZKIE;Łódź;"Łódź-Bałuty - delegatura";"471030039 ";" ";publiczna;"Dzieci lub młodzież";"brak specyfiki";"LUCYNA GÓRNA";"ŁÓDŹ-MIASTO NA PRAWACH POWIATU";"Miasto na prawach powiatu";ŁÓDZKIE;Łódź;Łódź-Śródmieście;1999-01-01;
25290;"Liceum ogólnokształcące";"XIII LICEUM OGÓLNOKSZTAŁCĄCE IM. MARII PIOTROWICZOWEJ";"ul. Eliasza Chaima Majzela";"4 ";" ";"91-430 ";Łódź-Bałuty;53149;0957666;1061029;"426575528 ";"426571754 ";kontakt@lo13.elodz.edu.pl;http://13lo.edu.pl;ŁÓDZKIE;Łódź;"Łódź-Bałuty - delegatura";"000216852 ";" ";publiczna;"Dzieci lub młodzież";"brak specyfiki";"ALEKSANDRA RATUSZNIAK";"ŁÓDŹ-MIASTO NA PRAWACH POWIATU";"Miasto na prawach powiatu";ŁÓDZKIE;Łódź;Łódź-Śródmieście;1999-01-01;
38981;"Liceum ogólnokształcące";"LV LICEUM OGÓLNOKSZTAŁCĄCE W ZESPOLE SZKÓŁ ELEKTRONICZNO-INFORMATYCZNYCH IM. JANA SZCZEPANIKA";"ul. Strykowska";"10/18 ";" ";"91-725 ";Łódź-Bałuty;21347;0957666;1061029;"426562911 ";" ";;http://;ŁÓDZKIE;Łódź;"Łódź-Bałuty - delegatura";"472849652 ";" ";publiczna;"Dzieci lub młodzież";"brak specyfiki";;"ŁÓDŹ-MIASTO NA PRAWACH POWIATU";"Miasto na prawach powiatu";ŁÓDZKIE;Łódź;Łódź-Śródmieście;1999-01-01;
272724;"Liceum ogólnokształcące";"CZTEROLETNIE LICEUM OGÓLNOKSZTAŁCĄCE";"ul. Traktorowa";"35 ";" ";"91-117 ";Łódź-Bałuty;22937;0957666;1061029;" ";" ";magdalenawlodarczyk82@wp.pl;http://;ŁÓDZKIE;Łódź;"Łódź-Bałuty - delegatura";"384281398 ";" ";niepubliczna;"Dzieci lub młodzież";"brak specyfiki";"MAGDALENA WŁODARCZYK-WALSH";"Magdalena Włodarczyk-Walsh";"Osoba fizyczna";ŁÓDZKIE;Łódź;Łódź-Bałuty;2019-08-20;
271690;"Liceum ogólnokształcące";"LICEUM OGÓLNOKSZTAŁCĄCE ""ŁÓDKA""";"ul. Rzgowska";"17A ";" ";"93-008 ";Łódź-Górna;19377;0957985;1061039;"426826204 ";" ";;http://;ŁÓDZKIE;Łódź;"Łódź-Górna - delegatura";"383531031 ";" ";niepubliczna;"Dzieci lub młodzież";"brak specyfiki";"MARCIN GOŁDA";"ABIS SP. Z O.O.";"Spółki Handlowe";ŁÓDZKIE;Łódź;Łódź;2019-05-27;
25441;"Liceum ogólnokształcące";"XXXI LICEUM OGÓLNOKSZTAŁCĄCE IM. LUDWIKA ZAMENHOFA";"ul. Konspiracyjnego Wojska Polskiego";"5b ";" ";"93-236 ";Łódź-Górna;53152;0957985;1061039;"426431415 ";"426431415 ";kontakt@lo31.elodz.edu.pl;http://lo31.pl;ŁÓDZKIE;Łódź;"Łódź-Górna - delegatura";"000217403 ";" ";publiczna;"Dzieci lub młodzież";"brak specyfiki";"Ewa Łoś";"ŁÓDŹ-MIASTO NA PRAWACH POWIATU";"Miasto na prawach powiatu";ŁÓDZKIE;Łódź;Łódź-Śródmieście;1999-01-01;
39067;"Liceum ogólnokształcące";"KATOLICKIE LICEUM OGÓLNOKSZTAŁCĄCE STOWARZYSZENIA PRZYJACIÓŁ SZKÓŁ KATOLICKICH W ŁODZI BŁ. MATKI TERESY Z KALKUTY";"ul. Zofii Nałkowskiej";"2 ";" ";"93-262 ";Łódź-Górna;13967;0957985;1061039;"426434612 ";" ";lodz@spsk.info.pl;http://www.lodz.spsk.pl;ŁÓDZKIE;Łódź;"Łódź-Górna - delegatura";"101489419 ";"9820311850 ";publiczna;"Dzieci lub młodzież";"brak specyfiki";"Marek Woźniak";"STOWARZYSZENIE PRZYJACIÓŁ SZKÓŁ KATOLICKICH";Stowarzyszenia;ŚLĄSKIE;Częstochowa;Częstochowa;2006-04-13;
25445;"Liceum ogólnokształcące";"XX LICEUM OGÓLNOKSZTAŁCĄCE IM. JULIUSZA SŁOWACKIEGO";"ul. Karola Bohdanowicza";"11 ";" ";"93-552 ";Łódź-Górna;01692;0957985;1061039;"426482819 ";"426482819 ";kontakt@lo20.elodz.edu.pl;http://www.loxxlodz.wikom.pl;ŁÓDZKIE;Łódź;"Łódź-Górna - delegatura";"000217047 ";" ";publiczna;"Dzieci lub młodzież";"brak specyfiki";"Elżbieta Nowicka";"ŁÓDŹ-MIASTO NA PRAWACH POWIATU";"Miasto na prawach powiatu";ŁÓDZKIE;Łódź;Łódź-Śródmieście;1999-01-01;
266024;"Liceum ogólnokształcące";"LICEUM OGÓLNOKSZTAŁCĄCE DLA DOROSŁYCH ""EDUKACJA I SPORT""";"ul. Brzozowa";"5/7 ";"bud. A ";"93-101 ";Łódź-Górna;02276;0957985;1061039;" ";" ";kontakt@fundacjaeis.pl;http://;ŁÓDZKIE;Łódź;"Łódź-Górna - delegatura";"369152480 ";" ";niepubliczna;Dorośli;"brak specyfiki";"TOMASZ JĘK";"FUNDACJA  ""EDUKACJA I SPORT""";Fundacje;ŁÓDZKIE;Łódź;Łódź-Bałuty;2017-12-21;
22522;"Liceum ogólnokształcące";"VI LICEUM OGÓLNOKSZTAŁCĄCE IM. JOACHIMA LELEWELA";"ul. Deotymy";"1 ";" ";"93-267 ";Łódź-Górna;03762;0957985;1061039;"426842220 ";" ";kontakt@lo6.elodz.edu.pl;http://www.lo6.szkoly.lodz.pl;ŁÓDZKIE;Łódź;"Łódź-Górna - delegatura";"000931974 ";" ";publiczna;"Dzieci lub młodzież";"brak specyfiki";"MAŁGORZATA CABAN";"ŁÓDŹ-MIASTO NA PRAWACH POWIATU";"Miasto na prawach powiatu";ŁÓDZKIE;Łódź;Łódź-Śródmieście;1999-01-01;
27378;"Liceum ogólnokształcące";"XLIII LICEUM OGÓLNOKSZTAŁCĄCE IM. JULIANA TUWIMA";"ul. Królewska";"13/15 ";" ";"93-319 ";Łódź-Górna;09987;0957985;1061039;"426403441 ";" ";zso5lodz@onet.eu;http://;ŁÓDZKIE;Łódź;"Łódź-Górna - delegatura";"471029958 ";" ";publiczna;"Dzieci lub młodzież";"brak specyfiki";"ANNA KACZOROWSKA";"ŁÓDŹ-MIASTO NA PRAWACH POWIATU";"Miasto na prawach powiatu";ŁÓDZKIE;Łódź;Łódź-Śródmieście;1999-01-01;
267850;"Liceum ogólnokształcące";"SZKOŁA EUROPEJSKA LICEUM OGÓLNOKSZTAŁCĄCE";"ul. Tuszyńska";"31 ";" ";"93-020 ";Łódź-Górna;23191;0957985;1061039;"426825466 ";" ";;http://;ŁÓDZKIE;Łódź;"Łódź-Górna - delegatura";"380698948 ";" ";niepubliczna;"Dzieci lub młodzież";"brak specyfiki";"URSZULA MORYC";"URSZULA MORYC";"Osoba fizyczna";ŁÓDZKIE;Łódź;Łódź;2018-05-16;
29723;"Liceum ogólnokształcące";"SZKOŁA MISTRZOSTWA SPORTOWEGO IM. KAZIMIERZA GÓRSKIEGO W ŁODZI - LICEUM OGÓLNOKSZTAŁCĄCE";"ul. Milionowa";"12 ";" ";"93-193 ";Łódź-Górna;12938;0957985;1061039;"42254-05-70 ";" ";sekretariat@smslodz.pl;http://www.smslodz.pl;ŁÓDZKIE;Łódź;"Łódź-Górna - delegatura";"101481760 ";"7292320004 ";niepubliczna;"Dzieci lub młodzież";"brak specyfiki";"Roman Stępień";"MAŁGORZATA JAŁKIEWICZHOFFMANN";"Osoba fizyczna";ŁÓDZKIE;Łódź;Łódź;1998-03-30;
111322;"Liceum ogólnokształcące";"LVIII LICEUM OGÓLNOKSZTAŁCĄCE SPECJALNE";"ul. Siedlecka";"7/21 ";" ";"93-138 ";Łódź-Górna;19769;0957985;1061039;"426845148 ";"426846019 ";sosw1lodz@poczta.onet.pl;http://sosw1szkoly.lodz.pl;ŁÓDZKIE;Łódź;"Łódź-Górna - delegatura";"101567941 ";" ";publiczna;Dorośli;"brak specyfiki";;"ŁÓDŹ-MIASTO NA PRAWACH POWIATU";"Miasto na prawach powiatu";ŁÓDZKIE;Łódź;Łódź-Śródmieście;2012-09-01;
22524;"Liceum ogólnokształcące";"IX LICEUM OGÓLNOKSZTAŁCĄCE IM. JAROSŁAWA DĄBROWSKIEGO";"ul. Ignacego Paderewskiego";"24 ";" ";"93-025 ";Łódź-Górna;15529;0957985;1061039;"426842445 ";" ";lo9@toya.net.pl;http://;ŁÓDZKIE;Łódź;"Łódź-Górna - delegatura";"000216674 ";" ";publiczna;"Dzieci lub młodzież";"brak specyfiki";"AGNIESZKA GĘBORA";"ŁÓDŹ-MIASTO NA PRAWACH POWIATU";"Miasto na prawach powiatu";ŁÓDZKIE;Łódź;Łódź-Śródmieście;1999-01-01;
25360;"Liceum ogólnokształcące";"XXV LICEUM OGÓLNOKSZTAŁCĄCE IM. STEFANA ŻEROMSKIEGO";"ul. Podhalańska";"2a ";" ";"93-224 ";Łódź-Górna;16756;0957985;1061039;"422531050 ";" ";kontakt@lo25.elodz.edu.pl;http://;ŁÓDZKIE;Łódź;"Łódź-Górna - delegatura";"000217231 ";" ";publiczna;"Dzieci lub młodzież";"brak specyfiki";"BOGUMIŁA ZIÓŁKOWSKA - PAWLAK";"ŁÓDŹ-MIASTO NA PRAWACH POWIATU";"Miasto na prawach powiatu";ŁÓDZKIE;Łódź;Łódź-Śródmieście;1999-01-01;
269694;"Liceum ogólnokształcące";"LICEUM OGÓLNOKSZTAŁCĄCE ZNP";"ul. Scaleniowa";"6 ";" ";"93-436 ";Łódź-Górna;19588;0957985;1061039;"426801936 ";" ";szkolyZNP@poczta.fm;http://gimznp.szkoly.pl;ŁÓDZKIE;Łódź;"Łódź-Górna - delegatura";"381676788 ";" ";niepubliczna;"Dzieci lub młodzież";"brak specyfiki";;"ZWIĄZEK NAUCZYCIELSTWA POLSKIEGO ZARZĄD GŁÓWNY";"Organizacje Związkowe";MAZOWIECKIE;Warszawa;Śródmieście;2018-10-29;
31606;"Liceum ogólnokształcące";"PUBLICZNE LICEUM OGÓLNOKSZTAŁCĄCE POLITECHNIKI ŁÓDZKIEJ";"ul. Ludomira Różyckiego";"5 ";" ";"93-586 ";Łódź-Górna;19021;0957985;1061039;"426312086 ";" ";liceum@p.lodz.pl;http://;ŁÓDZKIE;Łódź;"Łódź-Górna - delegatura";"101483523 ";"7270021895 ";publiczna;"Dzieci lub młodzież";"brak specyfiki";"TOMASZ KOZERA";"POLITECHNIKA ŁÓDZKA";"Szkoły Wyższe Publiczne";ŁÓDZKIE;Łódź;Łódź-Polesie;2006-11-30;
264015;"Liceum ogólnokształcące";"LICEUM OGÓLNOKSZTAŁCĄCE MISTRZOSTWA SPORTOWEGO ""SZKOŁA MISTRZÓW KOKORO"" - CENTRUM PRZYGOTOWAŃ OLIMPIJSKICH";"ul. Krochmalna";"15 ";" ";"93-144 ";Łódź-Górna;09934;0957985;1061039;" ";" ";sekretariat@kokoro.szkola.pl;http://www.kokoro.szkola.pl;ŁÓDZKIE;Łódź;"Łódź-Górna - delegatura";"368249250 ";" ";niepubliczna;"Dzieci lub młodzież";"brak specyfiki";"GRAŻYNA WOJDYŁA";"KLUB SPORTOWY ""KOKORO"" SPÓŁKA Z OGRANICZONĄ ODPOWIEDZIALNOŚCIĄ";"Spółki Handlowe";ŁÓDZKIE;Łódź;Łódź-Górna;2017-09-06;
111278;"Liceum ogólnokształcące";"LVII LICEUM OGÓLNOKSZTAŁCĄCE SPECJALNE";"ul. Siedlecka";"7/21 ";" ";"93-138 ";Łódź-Górna;19769;0957985;1061039;"426845148 ";"426846019 ";sosw1lodz@poczta.onet.pl;http://sosw1szkoly.lodz.pl;ŁÓDZKIE;Łódź;"Łódź-Górna - delegatura";"101567668 ";" ";publiczna;"Dzieci lub młodzież";specjalna;;"ŁÓDŹ-MIASTO NA PRAWACH POWIATU";"Miasto na prawach powiatu";ŁÓDZKIE;Łódź;Łódź-Śródmieście;2012-09-01;
34914;"Liceum ogólnokształcące";"SZKOŁA MISTRZOSTWA SPORTOWEGO LICEUM OGÓLNOKSZTAŁCĄCE MARCINA GORTATA";"ul. Rzgowska";"17A ";" ";"93-008 ";Łódź-Górna;19377;0957985;1061039;"422071014 ";" ";sekretariat@szkolagortata.pl;http://szkolagortata.pl;ŁÓDZKIE;Łódź;"Łódź-Górna - delegatura";"101482742 ";" ";niepubliczna;"Dzieci lub młodzież";"brak specyfiki";"KATARZYNA SNUSZKA";"MG13 SP. Z O.O.";"Spółki Handlowe";ŁÓDZKIE;Łódź;Łódź-Śródmieście;2011-08-11;
272794;"Liceum ogólnokształcące";"NIEPUBLICZNE LICEUM OGÓLNOKSZTAŁCĄCE Z ASPI-RACJAMI";"ul. Obywatelska";"57 ";" ";"93-558 ";Łódź-Górna;14686;0957985;1061039;" ";" ";biuro@aspi-racjami.org;http://;ŁÓDZKIE;Łódź;"Łódź-Górna - delegatura";"384292580 ";" ";niepubliczna;"Dzieci lub młodzież";"brak specyfiki";"ILONA KRASKA";"FUNDACJA Z ASPI-RACJAMI";Fundacje;ŁÓDZKIE;Łódź;Łódź-Bałuty;2019-08-30;
123050;"Liceum ogólnokształcące";"SZKOŁA  MISTRZOSTWA  SPORTOWEGO  LICEUM  OGÓLNOKSZTAŁCĄCE  ""COSINUS- ŁKS"" W ŁODZI";"ul. Wólczańska";"81 ";" ";"90-515 ";Łódź-Polesie;24797;0958269;1061049;"426325220 ";" ";;http://;ŁÓDZKIE;Łódź;"Łódź-Polesie - delegatura";"101776018 ";" ";niepubliczna;"Dzieci lub młodzież";"brak specyfiki";"Anna Szymczyk";"TOSS SP. Z O. O.";"Spółki Handlowe";ŁÓDZKIE;Łódź;Łódź-Śródmieście;2014-04-30;
25443;"Liceum ogólnokształcące";"XXXIII LICEUM OGÓLNOKSZTAŁCĄCE IM. ARMII KRAJOWEJ";"ul. Janusza Kusocińskiego";"116 ";" ";"94-004 ";Łódź-Polesie;10493;0958269;1061049;"426881565 ";" ";lo33@toya.net.pl;http://;ŁÓDZKIE;Łódź;"Łódź-Polesie - delegatura";"004345374 ";" ";publiczna;"Dzieci lub młodzież";"brak specyfiki";"ANNA PIOTROWSKA";"ŁÓDŹ-MIASTO NA PRAWACH POWIATU";"Miasto na prawach powiatu";ŁÓDZKIE;Łódź;Łódź-Śródmieście;1999-01-01;
25292;"Liceum ogólnokształcące";"XVIII LICEUM OGÓLNOKSZTAŁCĄCE IM. JĘDRZEJA ŚNIADECKIEGO";"ul. Feliksa Perla";"11 ";" ";"94-203 ";Łódź-Polesie;15948;0958269;1061049;"426339323 ";"426339323 ";sekretariat@liceum18lodz.pl;http://;ŁÓDZKIE;Łódź;"Łódź-Polesie - delegatura";"472911820 ";" ";publiczna;"Dzieci lub młodzież";"brak specyfiki";"Monika Antosiak";"ŁÓDŹ-MIASTO NA PRAWACH POWIATU";"Miasto na prawach powiatu";ŁÓDZKIE;Łódź;Łódź-Śródmieście;1999-01-01;
22517;"Liceum ogólnokształcące";"I LICEUM OGÓLNOKSZTAŁCĄCE IM. MIKOŁAJA KOPERNIKA";"ul. płk. dr. Stanisława Więckowskiego";"41 ";" ";"90-734 ";Łódź-Polesie;24226;0958269;1061049;"426362722 ";" ";kontakt@lo1.elodz.edu.pl;http://;ŁÓDZKIE;Łódź;"Łódź-Polesie - delegatura";"000731420 ";" ";publiczna;"Dzieci lub młodzież";"brak specyfiki";"Ewa Wojciechowska";"ŁÓDŹ-MIASTO NA PRAWACH POWIATU";"Miasto na prawach powiatu";ŁÓDZKIE;Łódź;Łódź-Śródmieście;1999-01-01;
82653;"Liceum ogólnokształcące";"SPOŁECZNE LICEUM OGÓLNOKSZTAŁCĄCE TOWARZYSTWA OŚWIATOWEGO ""LYKEION""";"ul. Rajdowa";"13 ";" ";"94-003 ";Łódź-Polesie;18394;0958269;1061049;"426868687 ";" ";lykeion@lykeion.edu.pl;http://www.lykeion.edu.pl;ŁÓDZKIE;Łódź;"Łódź-Polesie - delegatura";"101499027 ";" ";niepubliczna;"Dzieci lub młodzież";"brak specyfiki";"WIOLETTA SZUBKA";"TOWARZYSTWO OŚWIATOWE ""LYKEION""";"Organizacje Społeczne inne niż wymienione";ŁÓDZKIE;Łódź;Łódź;1993-09-01;
25627;"Liceum ogólnokształcące";"XXXIV LICEUM OGÓLNOKSZTAŁCĄCE IM. KRZYSZTOFA KIEŚLOWSKIEGO";"ul. Wapienna";"17 ";" ";"91-087 ";Łódź-Polesie;23624;0958269;1061049;"426533991 ";"426533993 ";kontakt@lo34.elodz.edu.pl;http://;ŁÓDZKIE;Łódź;"Łódź-Polesie - delegatura";"472407279 ";" ";publiczna;"Dzieci lub młodzież";"brak specyfiki";"DARIUSZ JAKÓBEK";"ŁÓDŹ-MIASTO NA PRAWACH POWIATU";"Miasto na prawach powiatu";ŁÓDZKIE;Łódź;Łódź-Śródmieście;1999-01-01;
25385;"Liceum ogólnokształcące";"XXVI LICEUM OGÓLNOKSZTAŁCĄCE IM. KRZYSZTOFA KAMILA BACZYŃSKIEGO";"ul. Wileńska";"22a ";" ";"94-029 ";Łódź-Polesie;24289;0958269;1061049;"426868615 ";" ";kontakt@lo26.elodz.edu.pl;http://www.lo26.pl;ŁÓDZKIE;Łódź;"Łódź-Polesie - delegatura";"000731459 ";" ";publiczna;"Dzieci lub młodzież";"brak specyfiki";"Małgorzata Wiśniewska";"ŁÓDŹ-MIASTO NA PRAWACH POWIATU";"Miasto na prawach powiatu";ŁÓDZKIE;Łódź;Łódź-Śródmieście;1999-01-01;
90116;"Liceum ogólnokształcące";"LICEUM OGÓLNOKSZTAŁCĄCE ""CENTRUM""";"ul. Gdańska";"156 ";" ";"90-536 ";Łódź-Polesie;05431;0958269;1061049;"426369102 ";" ";centrum.lodz@wp.pl;http://www.centrum.edu.lodz.pl;ŁÓDZKIE;Łódź;"Łódź-Polesie - delegatura";"101505472 ";" ";niepubliczna;"Dzieci lub młodzież";specjalna;;"REGION ZIEMIA ŁÓDZKA NSZZ ""SOLIDARNOŚĆ""";"Organizacje Związkowe";ŁÓDZKIE;Łódź;Łódź-Śródmieście;2000-12-15;
128590;"Liceum ogólnokształcące";"AKADEMICKIE LICEUM OGÓLNOKSZTAŁCĄCE";"ul. Wileńska";"53/55 ";" ";"94-011 ";Łódź-Polesie;24289;0958269;1061049;"426746988 ";" ";;http://;ŁÓDZKIE;Łódź;"Łódź-Polesie - delegatura";"362330748 ";" ";niepubliczna;"Dzieci lub młodzież";"brak specyfiki";"Edward Kujawa";"WYŻSZA SZKOŁA KOSMETYKI I NAUK O ZDROWIU";"Szkoły Wyższe Niepubliczne";ŁÓDZKIE;Łódź;Łódź-Polesie;2015-08-26;
25350;"Liceum ogólnokształcące";"XXI LICEUM OGÓLNOKSZTAŁCĄCE IM. BOLESŁAWA PRUSA";"ul. Mikołaja Kopernika";"2 ";" ";"90-509 ";Łódź-Polesie;09282;0958269;1061049;"426366854 ";" ";sekretariat@lo21.elodz.edu.pl;http://;ŁÓDZKIE;Łódź;"Łódź-Polesie - delegatura";"000731436 ";" ";publiczna;"Dzieci lub młodzież";"brak specyfiki";"Małgorzata Zaradzka-Cisek";"ŁÓDŹ-MIASTO NA PRAWACH POWIATU";"Miasto na prawach powiatu";ŁÓDZKIE;Łódź;Łódź-Śródmieście;1999-01-01;
31583;"Liceum ogólnokształcące";"LICEUM OGÓLNOKSZTAŁCĄCE JOLANTY I JANA MISIAKÓW W ŁODZI";"al. ks. kard. Stefana Wyszyńskiego";"44 ";" ";"94-047 ";Łódź-Polesie;25112;0958269;1061049;"42686-82-83 ";" ";szkoly@lomisiak.edu.pl;http://www.lomisiak.edu.pl;ŁÓDZKIE;Łódź;"Łódź-Polesie - delegatura";"101482707 ";"7271076817 ";niepubliczna;"Dzieci lub młodzież";"brak specyfiki";"Jan Misiak";"JAN MISIAK";"Osoba fizyczna";ŁÓDZKIE;Łódź;Łódź;1992-02-20;
59776;"Liceum ogólnokształcące";"LICEUM OGÓLNOKSZTAŁCĄCE DLA DOROSŁYCH W CENTRUM KSZTAŁCENIA USTAWICZNEGO IM. EWARYSTA ESTKOWSKIEGO W CENTRUM KSZTAŁCENIA ZAWODOWEGO I USTAWICZNEGO";"ul. Stefana Żeromskiego";"115 ";" ";"90-542 ";Łódź-Polesie;26469;0958269;1061049;"426849195 ";" ";sekretariat@cez.lodz.pl;http://;ŁÓDZKIE;Łódź;"Łódź-Polesie - delegatura";"473069301 ";" ";publiczna;Dorośli;"brak specyfiki";;"ŁÓDŹ-MIASTO NA PRAWACH POWIATU";"Miasto na prawach powiatu";ŁÓDZKIE;Łódź;Łódź-Śródmieście;1999-01-01;
272801;"Liceum ogólnokształcące";"NAZARET-LICEUM OGÓLNOKSZTAŁCĄCE";"ul. Balonowa";"1 ";" ";"94-108 ";Łódź-Polesie;00642;0958269;1061049;" ";" ";info@fundacjafilome.pl;http://;ŁÓDZKIE;Łódź;"Łódź-Polesie - delegatura";"384292605 ";" ";niepubliczna;"Dzieci lub młodzież";"brak specyfiki";"ANNA POWIDEŁ";"FUNDACJA ""FILOME""";Fundacje;ŁÓDZKIE;Łódź;Łódź-Górna;2019-08-29;
126154;"Liceum ogólnokształcące";"LICEUM AKADEMICKIE AKADEMICKIEGO CENTRUM EDUKACYJNEGO - SPOŁECZNEJ AKADEMII NAUK W ŁODZI";"ul. Jana Kilińskiego";"98 ";" ";"90-012 ";Łódź-Śródmieście;08435;0958430;1061059;"426646694 ";"426366251 ";liceum@spoleczna.pl;http://;ŁÓDZKIE;Łódź;"Łódź-Śródmieście - delegatura";"360162301 ";" ";niepubliczna;"Dzieci lub młodzież";"brak specyfiki";"Jerzy Prokopowicz";"SPOŁECZNA AKADEMIA NAUK";"Szkoły Wyższe Niepubliczne";ŁÓDZKIE;Łódź;Łódź-Śródmieście;2014-09-26;
39108;"Liceum ogólnokształcące";"PUBLICZNE ZAOCZNE LICEUM OGÓLNOKSZTAŁCĄCE DLA DOROSŁYCH ""COSINUS"" W ŁODZI";"ul. Wólczańska";"81 ";" ";"90-515 ";Łódź-Śródmieście;24797;0958430;1061059;"426325220 ";" ";lodz@cosinus.pl;http://www.cosinus.pl;ŁÓDZKIE;Łódź;"Łódź-Śródmieście - delegatura";"101492249 ";"7261654939 ";publiczna;Dorośli;"brak specyfiki";"Marek Głowacki";"""FUNDACJA COSINUS EDUKACJA LO""";Fundacje;ŁÓDZKIE;Łódź;Łódź-Śródmieście;2004-11-05;
17801;"Liceum ogólnokształcące";"AKADEMIA-LICEUM OGÓLNOKSZTAŁCĄCE DLA MŁODZIEŻY W ŁODZI";"ul. Jana Kilińskiego";"21 ";" ";"90-205 ";Łódź-Śródmieście;08435;0958430;1061059;"422557700 ";" ";lodz@akademia-zdrowia.pl;http://;ŁÓDZKIE;Łódź;"Łódź-Śródmieście - delegatura";"101472028 ";" ";niepubliczna;"Dzieci lub młodzież";"brak specyfiki";"Karolina Kowalska";"AKADEMIA ZDROWIA SPÓŁKA Z OGRANICZONĄ ODPOWIEDZIALNOŚCIĄ SPÓŁKA KOMANDYTOWA";"Spółki Handlowe";ŁÓDZKIE;Łódź;Łódź-Śródmieście;2012-09-19;
34929;"Liceum ogólnokształcące";"ATUT LIDER KSZTAŁCENIA LICEUM OGÓLNOKSZTAŁCĄCE DLA DOROSŁYCH W ŁODZI";"ul. Piotrkowska";"173 ";" ";"90-447 ";Łódź-Śródmieście;16308;0958430;1061059;"423070951 ";" ";lodz@atutszkola.pl;http://www.atutszkola.pl;ŁÓDZKIE;Łódź;"Łódź-Śródmieście - delegatura";"101487231 ";"7251886909 ";niepubliczna;Dorośli;"brak specyfiki";"MAŁGORZATA LEWANDOWSKA";"LARAT LD SPÓŁKA Z OGRANICZONĄ ODPOWIEDZIALNOŚCIĄ";"Spółki Handlowe";MAZOWIECKIE;Warszawa;Wola;2005-07-28;
123045;"Liceum ogólnokształcące";"LICEUM  SPORTOWO-MUNDUROWE  CENTRUM EDUKACJI  OŚWIATOWIEC";"ul. Piotrkowska";"276 ";" ";"90-361 ";Łódź-Śródmieście;16308;0958430;1061059;"662904588 ";" ";info.oswiatowiec@gmail.com;http://www.oswiatowiec.com.pl;ŁÓDZKIE;Łódź;"Łódź-Śródmieście - delegatura";"101775763 ";" ";niepubliczna;"Dzieci lub młodzież";"brak specyfiki";"Magdalena Byczkowska";"MAGDALENA BYCZKOWSKA";"Osoba fizyczna";ŁÓDZKIE;Łódź;Łódź-Polesie;2014-03-27;
31330;"Liceum ogólnokształcące";"LICEUM OGÓLNOKSZTAŁCĄCE DLA DOROSŁYCH EDUKACJI INNOWACYJNEJ W ŁODZI";"ul. Rewolucji 1905 r.";"52 ";" ";"90-213 ";Łódź-Śródmieście;18637;0958430;1061059;"422995520 ";" ";ipsit@ipt.pl;http://www.szkola.ipt.pl;ŁÓDZKIE;Łódź;"Łódź-Śródmieście - delegatura";"101485284 ";"7290109624 ";niepubliczna;Dorośli;"brak specyfiki";"Wioletta Kudzin";"INSTYTUT POSTĘPOWANIA TWÓRCZEGO SPÓŁKA Z OGRANICZONĄ ODPOWIEDZIALNOŚCIĄ";"Spółki Handlowe";ŁÓDZKIE;Łódź;Łódź-Śródmieście;2012-07-25;
267638;"Liceum ogólnokształcące";"LICEUM OGÓLNOKSZTAŁCĄCE DLA MŁODZIEŻY ""COSINUS"" W ŁODZI";"ul. Wólczańska";"4a ";" ";"90-720 ";Łódź-Śródmieście;24797;0958430;1061059;"426325220 ";" ";;http://;ŁÓDZKIE;Łódź;"Łódź-Śródmieście - delegatura";"380449010 ";" ";niepubliczna;"Dzieci lub młodzież";"brak specyfiki";"MAŁGORZATA KOWALCZYK";"FUNDACJA RIDETON";Fundacje;ŁÓDZKIE;Łódź;Łódź-Śródmieście;2018-06-04;
22525;"Liceum ogólnokształcące";"XII LICEUM OGÓLNOKSZTAŁCĄCE IM. STANISŁAWA WYSPIAŃSKIEGO";"al. Karola Anstadta";"7 ";" ";"91-409 ";Łódź-Śródmieście;27681;0958430;1061059;"426334082 ";" ";lo12@12lo.ehost.pl;http://;ŁÓDZKIE;Łódź;"Łódź-Śródmieście - delegatura";"000731710 ";" ";publiczna;"Dzieci lub młodzież";"brak specyfiki";"DOROTA BASNY";"ŁÓDŹ-MIASTO NA PRAWACH POWIATU";"Miasto na prawach powiatu";ŁÓDZKIE;Łódź;Łódź-Śródmieście;1999-01-01;
34911;"Liceum ogólnokształcące";"LICEUM OGÓLNOKSZTAŁCĄCE UMIEJĘTNOŚCI TWÓRCZYCH";"ul. Rewolucji 1905 r.";"52G ";" ";"90-213 ";Łódź-Śródmieście;18637;0958430;1061059;"426315920 ";" ";lout@ipt.pl;http://www.lout.ipt.pl;ŁÓDZKIE;Łódź;"Łódź-Śródmieście - delegatura";"101486728 ";"7290109624 ";niepubliczna;"Dzieci lub młodzież";"brak specyfiki";"Wioletta Kudzin";"INSTYTUT POSTĘPOWANIA TWÓRCZEGO SPÓŁKA Z OGRANICZONĄ ODPOWIEDZIALNOŚCIĄ";"Spółki Handlowe";ŁÓDZKIE;Łódź;Łódź-Śródmieście;1998-03-16;
29051;"Liceum ogólnokształcące";"PRYWATNE LICEUM OGÓLNOKSZTAŁCĄCE DLA DOROSŁYCH ""ALFA""";"ul. Pomorska";"16 ";" ";"91-408 ";Łódź-Śródmieście;17088;0958430;1061059;"426328238 ";" ";alfaschool@poczta.onet.pl;http://www.szkola-alfa.pl;ŁÓDZKIE;Łódź;"Łódź-Śródmieście - delegatura";"101481470 ";"7251106001 ";niepubliczna;Dorośli;"brak specyfiki";"Iwona Miałkos";"Iwona Miałkos";"Osoba fizyczna";ŁÓDZKIE;Łódź;Łódź-Bałuty;2004-11-17;
22523;"Liceum ogólnokształcące";"VIII LICEUM OGÓLNOKSZTAŁCĄCE IM. ADAMA ASNYKA";"ul. Pomorska";"105 ";" ";"90-225 ";Łódź-Śródmieście;17088;0958430;1061059;"426786522 ";"426790806 ";osemka@8lolodz.eu;http://www.8lolodz.edupage.org;ŁÓDZKIE;Łódź;"Łódź-Śródmieście - delegatura";"000731703 ";" ";publiczna;"Dzieci lub młodzież";"brak specyfiki";"Anna Panek";"ŁÓDŹ-MIASTO NA PRAWACH POWIATU";"Miasto na prawach powiatu";ŁÓDZKIE;Łódź;Łódź-Śródmieście;1999-01-01;
123939;"Liceum ogólnokształcące";"NIEPUBLICZNE LICEUM OGÓLNOKSZTAŁCĄCE BRITISH INTERNATIONAL SCHOOL OF THE UNIVERSITY OF ŁÓDŹ";"ul. Jana Matejki";"34a ";" ";"90-237 ";Łódź-Śródmieście;12489;0958430;1061059;"426356006 ";" ";interschool@interschool.uni.lodz.pl;http://;ŁÓDZKIE;Łódź;"Łódź-Śródmieście - delegatura";"101821776 ";" ";"niepubliczna bez uprawnień szkoły publicznej";"Dzieci lub młodzież";"brak specyfiki";;"BRITISH INTERNATIONAL SCHOOL OF THE UNIVERSITY OF ŁÓDŹ SP. Z O.O.";"Spółki Handlowe";ŁÓDZKIE;Łódź;Łódź-Śródmieście;2014-07-07;
25438;"Liceum ogólnokształcące";"XXIX LICEUM OGÓLNOKSZTAŁCĄCE IM. HM. JANKA BYTNARA ""RUDEGO""";"ul. Aleksandra Zelwerowicza";"38/44 ";" ";"90-147 ";Łódź-Śródmieście;25996;0958430;1061059;"426789482 ";"426789482 ";lo29@szkoly.lodz.pl;http://www.lo29.szkoly.lodz.pl;ŁÓDZKIE;Łódź;"Łódź-Śródmieście - delegatura";"000731732 ";" ";publiczna;"Dzieci lub młodzież";"brak specyfiki";"Jolanta Woźniakowska";"ŁÓDŹ-MIASTO NA PRAWACH POWIATU";"Miasto na prawach powiatu";ŁÓDZKIE;Łódź;Łódź-Śródmieście;1999-01-01;
29281;"Liceum ogólnokształcące";"LICEUM OGÓLNOKSZTAŁCĄCE DLA DOROSŁYCH ""ŻAK""";"ul. Piotrkowska";"278 ";" ";"90-361 ";Łódź-Śródmieście;16308;0958430;1061059;"426834412 ";" ";lodz@zak.edu.pl;http://;ŁÓDZKIE;Łódź;"Łódź-Śródmieście - delegatura";"101482179 ";"7292597869 ";niepubliczna;Dorośli;"brak specyfiki";"JULIANNA BAŃKOWSKA";"CENTRUM NAUKI I BIZNESU ""ŻAK"" SPÓŁKA Z OGRANICZONĄ ODPOWIEDZIALNOŚCIĄ";"Spółki Handlowe";ŁÓDZKIE;Łódź;Łódź-Górna;2009-08-18;
263196;"Liceum ogólnokształcące";"PRYWATNE LICEUM OGÓLNOKSZTAŁCĄCE NOWOCZESNA EDUKACJA";"ul. Prezydenta Gabriela Narutowicza";"86 ";" ";"93-142 ";Łódź-Śródmieście;14019;0958430;1061059;"501863694 ";" ";;http://;ŁÓDZKIE;Łódź;"Łódź-Śródmieście - delegatura";"368118854 ";" ";niepubliczna;"Dzieci lub młodzież";"brak specyfiki";"Kamila White";"BEST EDU SPÓŁKA Z OGRANICZONĄ ODPOWIEDZIALNOŚCIĄ";"Spółki Handlowe";ŁÓDZKIE;Łódź;Łódź-Polesie;2017-08-04;
128597;"Liceum ogólnokształcące";"LICEUM OGÓLNOKSZTAŁCACE DLA DOROSŁYCH SKK";"ul. Rewolucji 1905 r.";"65 ";" ";"90-221 ";Łódź-Śródmieście;18637;0958430;1061059;"791499600 ";" ";;http://www.skk.pl;ŁÓDZKIE;Łódź;"Łódź-Śródmieście - delegatura";"362330866 ";" ";niepubliczna;Dorośli;"brak specyfiki";"ANNA GLIŃSKA";"SKK SP. Z O.O.";"Spółki Handlowe";MAZOWIECKIE;Warszawa;Śródmieście;2015-08-07;
271611;"Liceum ogólnokształcące";"LICEUM OGÓLNOKSZTAŁCĄCE DLA MŁODZIEŻY ,,COSINUS I"" W ŁODZI";"ul. Wólczańska";"4a ";" ";"90-720 ";Łódź-Śródmieście;24797;0958430;1061059;"426325220 ";" ";m.mielczarek@cosinus.pl;http://www.cosinus.pl;ŁÓDZKIE;Łódź;"Łódź-Śródmieście - delegatura";"383450953 ";" ";niepubliczna;"Dzieci lub młodzież";"brak specyfiki";"MAŁGORZATA KOWALCZYK";"FUNDACJA RIDETON";Fundacje;ŁÓDZKIE;Łódź;Łódź-Śródmieście;2019-05-27;
34927;"Liceum ogólnokształcące";"LICEUM OGÓLNOKSZTAŁCĄCE DLA DOROSŁYCH PRZY CENTRUM EDUKACYJNO-DYDAKTYCZNYM ""OMEGA"" W ŁODZI";"al. marsz. Józefa Piłsudskiego";"12 ";" ";"90-051 ";Łódź-Śródmieście;16270;0958430;1061059;"426368999 ";" ";omega@szkolyomega.pl;http://www.szkolyomega.pl;ŁÓDZKIE;Łódź;"Łódź-Śródmieście - delegatura";"101487024 ";"7251928708 ";niepubliczna;Dorośli;"brak specyfiki";"Jadwiga Zawadzka";"OMEGA SP. Z O.O.";"Spółki Handlowe";ŁÓDZKIE;Łódź;Łódź-Widzew;2001-08-30;
22519;"Liceum ogólnokształcące";"III LICEUM OGÓLNOKSZTAŁCĄCE IM. TADEUSZA KOŚCIUSZKI";"ul. Henryka Sienkiewicza";"46 ";" ";"90-009 ";Łódź-Śródmieście;19834;0958430;1061059;"426332283 ";" ";kontakt@lo3.elodz.edu.pl;http://;ŁÓDZKIE;Łódź;"Łódź-Śródmieście - delegatura";"000731689 ";" ";publiczna;"Dzieci lub młodzież";"brak specyfiki";"Maria Włodarczyk";"ŁÓDŹ-MIASTO NA PRAWACH POWIATU";"Miasto na prawach powiatu";ŁÓDZKIE;Łódź;Łódź-Śródmieście;1999-01-01;
22521;"Liceum ogólnokształcące";"IV LICEUM OGÓLNOKSZTAŁCĄCE IM. EMILII SCZANIECKIEJ";"ul. Pomorska";"16 ";" ";"91-416 ";Łódź-Śródmieście;17088;0958430;1061059;"426336293 ";"426336293 ";4liceum.lodz@wp.pl;http://www.4liceum.pl;ŁÓDZKIE;Łódź;"Łódź-Śródmieście - delegatura";"000830049 ";" ";publiczna;"Dzieci lub młodzież";"brak specyfiki";"Katarzyna Felde";"ŁÓDŹ-MIASTO NA PRAWACH POWIATU";"Miasto na prawach powiatu";ŁÓDZKIE;Łódź;Łódź-Śródmieście;1999-01-01;
272738;"Liceum ogólnokształcące";"AKADEMICKIE LICEUM OGÓLNOKSZTAŁCĄCE EDUKACJI INNOWACYJNEJ W ŁODZI";"ul. dr. Seweryna Sterlinga";"26 ";" ";"90-212 ";Łódź-Śródmieście;21145;0958430;1061059;"422995518 ";" ";lout@ipt.pl;http://;ŁÓDZKIE;Łódź;"Łódź-Śródmieście - delegatura";"384283279 ";" ";niepubliczna;"Dzieci lub młodzież";"brak specyfiki";"PAULINA ADRYAŃCZYK-LINARD";"INSTYTUT POSTĘPOWANIA TWÓRCZEGO SPÓŁKA Z OGRANICZONĄ ODPOWIEDZIALNOŚCIĄ";"Spółki Handlowe";ŁÓDZKIE;Łódź;Łódź-Śródmieście;2019-08-21;
273410;"Liceum ogólnokształcące";"NIEPUBLICZNE LICEUM OGÓLNOKSZTAŁCĄCE BRITISH INTERNATIONAL SCHOOL OF THE UNIVERSITY OF ŁÓDŹ";"ul. Pomorska";"149/153 ";" ";"90-236 ";Łódź-Śródmieście;17088;0958430;1061059;" ";" ";;http://www.interschool.uni.lodz.pl;ŁÓDZKIE;Łódź;"Łódź-Śródmieście - delegatura";"384466376 ";" ";niepubliczna;"Dzieci lub młodzież";"brak specyfiki";"MAGDALENA MATZ";"BRITISH INTERNATIONAL SCHOOL OF THE UNIVERSITY OF ŁÓDŹ SP. Z O.O.";"Spółki Handlowe";ŁÓDZKIE;Łódź;Łódź-Śródmieście;2019-09-25;
30749;"Liceum ogólnokształcące";"LICEUM OGÓLNOKSZTAŁCĄCE DLA DOROSŁYCH „DR PIONTEK"" W ŁODZI";"ul. Piotra Czajkowskiego";"14 ";" ";"92-511 ";Łódź-Widzew;03235;0958453;1061069;"426727490 ";" ";jerzy@piontek.edu.pl;http://;ŁÓDZKIE;Łódź;"Łódź-Widzew - delegatura";"101488118 ";"7691868778 ";niepubliczna;Dorośli;"brak specyfiki";"Jerzy Piontek";"JERZY PIONTEK";"Osoba fizyczna";ŁÓDZKIE;Łódź;Łódź-Widzew;1996-06-11;
22518;"Liceum ogólnokształcące";"II LICEUM OGÓLNOKSZTAŁCĄCE IM. GABRIELA NARUTOWICZA";"ul. Nowa";"11/13 ";" ";"90-031 ";Łódź-Widzew;14330;0958453;1061069;"426741999 ";" ";lo2@szkoly.lodz.pl;http://lo2-lodz.edupage.org/;ŁÓDZKIE;Łódź;"Łódź-Widzew - delegatura";"000732105 ";" ";publiczna;"Dzieci lub młodzież";"brak specyfiki";"Jadwiga Ochocka";"ŁÓDŹ-MIASTO NA PRAWACH POWIATU";"Miasto na prawach powiatu";ŁÓDZKIE;Łódź;Łódź-Śródmieście;1999-01-01;
25401;"Liceum ogólnokształcące";"XXIII LICEUM OGÓLNOKSZTAŁCĄCE IM. KS. PROF. JÓZEFA TISCHNERA";"al. marsz. Józefa Piłsudskiego";"159 ";" ";"92-301 ";Łódź-Widzew;16270;0958453;1061069;"426745872 ";" ";lo23lodz@gmail.com;http://;ŁÓDZKIE;Łódź;"Łódź-Widzew - delegatura";"000732111 ";" ";publiczna;"Dzieci lub młodzież";"brak specyfiki";"Barbara Makowska";"ŁÓDŹ-MIASTO NA PRAWACH POWIATU";"Miasto na prawach powiatu";ŁÓDZKIE;Łódź;Łódź-Śródmieście;1999-01-01;
27323;"Liceum ogólnokształcące";"XXXII LICEUM OGÓLNOKSZTAŁCĄCE IM. HALINY POŚWIATOWSKIEJ W ZESPOLE SZKÓŁ OGÓLNOKSZTAŁCĄCYCH NR 1";"ul. Piotra Czajkowskiego";"14 ";" ";"92-511 ";Łódź-Widzew;03235;0958453;1061069;"426730125 ";" ";zsonr1a@widzew.net;http://;ŁÓDZKIE;Łódź;"Łódź-Widzew - delegatura";"472892576 ";" ";publiczna;"Dzieci lub młodzież";"brak specyfiki";;"ŁÓDŹ-MIASTO NA PRAWACH POWIATU";"Miasto na prawach powiatu";ŁÓDZKIE;Łódź;Łódź-Śródmieście;1999-01-01;
267033;"Liceum ogólnokształcące";"XI LICEUM OGÓLNOKSZTAŁCĄCE";"ul. dr. Stefana Kopcińskiego";"54 ";" ";"90-032 ";Łódź-Widzew;09257;0958453;1061069;"426747778 ";" ";11liceumlodz@wikom.pl;http://11liceumlodz.wikom.pl;ŁÓDZKIE;Łódź;"Łódź-Widzew - delegatura";"369807596 ";" ";publiczna;"Dzieci lub młodzież";"brak specyfiki";"BOGUSŁAW OLEJNICZAK";"ŁÓDŹ-MIASTO NA PRAWACH POWIATU";"Miasto na prawach powiatu";ŁÓDZKIE;Łódź;Łódź-Śródmieście;2017-04-26;
25629;"Liceum ogólnokształcące";"XLIV LICEUM OGÓLNOKSZTAŁCĄCE";"ul. Wacława";"22/24 ";" ";"93-118 ";Łódź-Widzew;23480;0958453;1061069;"422518005 ";" ";lo44lodz@o2.pl;http://;ŁÓDZKIE;Łódź;"Łódź-Widzew - delegatura";"471029993 ";" ";publiczna;"Dzieci lub młodzież";"brak specyfiki";"Janusz Sapiński";"ŁÓDŹ-MIASTO NA PRAWACH POWIATU";"Miasto na prawach powiatu";ŁÓDZKIE;Łódź;Łódź-Śródmieście;1999-01-01;
27598;"Liceum ogólnokształcące";"XLVII LICEUM OGÓLNOKSZTAŁCĄCE IM. STANISŁAWA STASZICA";"ul. Stanisława Czernika";"1/3 ";" ";"92-538 ";Łódź-Widzew;03399;0958453;1061069;"426738683 ";" ";szkola@47lo.pl;http://www.47lo.pl;ŁÓDZKIE;Łódź;"Łódź-Widzew - delegatura";"470909479 ";" ";publiczna;"Dzieci lub młodzież";"brak specyfiki";"WOJCIECH ULATOWSKI";"ŁÓDŹ-MIASTO NA PRAWACH POWIATU";"Miasto na prawach powiatu";ŁÓDZKIE;Łódź;Łódź-Śródmieście;1999-01-01;
126304;"Liceum ogólnokształcące";"MIĘDZYNARODOWA SZKOŁA MISTRZOSTWA SPORTOWEGO LICEUM OGÓLNOKSZTAŁCĄCE EDUKACJA I SPORT";"ul. Stanisława Czernika";"1/3 ";" ";"92-538 ";Łódź-Widzew;03399;0958453;1061069;"509102740 ";" ";;http://;ŁÓDZKIE;Łódź;"Łódź-Widzew - delegatura";"360212430 ";" ";niepubliczna;"Dzieci lub młodzież";"brak specyfiki";"MAŁGORZATA DRABENT";"FUNDACJA  ""EDUKACJA I SPORT""";Fundacje;ŁÓDZKIE;Łódź;Łódź-Bałuty;2014-11-21;
