m.Łódź,Technikum Informatyczne,Rojna 33,Łódź,Język angielski PP,10,68,20,
m.Łódź,Technikum Informatyczne,Rojna 33,Łódź,Język polski PP,10,44,86,
m.Łódź,Technikum Informatyczne,Rojna 33,Łódź,Matematyka PP,10,38,0,
m.Łódź,Technikum Logistyczne,Rojna 33,Łódź,Język angielski PP,16,45,25,
m.Łódź,Technikum Logistyczne,Rojna 33,Łódź,Język polski PP,16,43,84,
m.Łódź,Technikum Logistyczne,Rojna 33,Łódź,Matematyka PP,16,35,38,
m.Łódź,Technikum nr 21 w Zespole Szkół Rzemiosła im. Jana Kilińskiego w Łodzi,Żubardzka 2,Łódź,Język angielski PP,30,59,7,
m.Łódź,Technikum nr 21 w Zespole Szkół Rzemiosła im. Jana Kilińskiego w Łodzi,Żubardzka 2,Łódź,Język polski PP,30,52,71,
m.Łódź,Technikum nr 21 w Zespole Szkół Rzemiosła im. Jana Kilińskiego w Łodzi,Żubardzka 2,Łódź,Matematyka PP,30,42,0,
m.Łódź,Technikum Nr 6 w Zespole Szkół Przemysłu Spożywczego im. Powstańców Wielkopolskich w Łodzi,Franciszkańska 137,Łódź,Język angielski PP,13,48,62,
m.Łódź,Technikum Nr 6 w Zespole Szkół Przemysłu Spożywczego im. Powstańców Wielkopolskich w Łodzi,Franciszkańska 137,Łódź,Język polski PP,13,46,48,
m.Łódź,Technikum Nr 6 w Zespole Szkół Przemysłu Spożywczego im. Powstańców Wielkopolskich w Łodzi,Franciszkańska 137,Łódź,Matematyka PP,13,28,46,
m.Łódź,Zespół Szkół Ponadgimnazjalnych nr 20 im. Marszałka Józefa Piłsudskiego,Warecka 41,Łódź,Język angielski PP,24,70,58,
m.Łódź,Zespół Szkół Ponadgimnazjalnych nr 20 im. Marszałka Józefa Piłsudskiego,Warecka 41,Łódź,Język polski PP,24,45,65,
m.Łódź,Zespół Szkół Ponadgimnazjalnych nr 20 im. Marszałka Józefa Piłsudskiego,Warecka 41,Łódź,Matematyka PP,24,46,42,
m.Łódź,Technikum nr 7 w Zespole Szkół Samochodowych w Łodzi,Wojciecha Kilara 3/5,Łódź,Język angielski PP,44,55,55,
m.Łódź,Technikum nr 7 w Zespole Szkół Samochodowych w Łodzi,Wojciecha Kilara 3/5,Łódź,Język niemiecki PP,2,52,0,
m.Łódź,Technikum nr 7 w Zespole Szkół Samochodowych w Łodzi,Wojciecha Kilara 3/5,Łódź,Język polski PP,46,33,32,
m.Łódź,Technikum nr 7 w Zespole Szkół Samochodowych w Łodzi,Wojciecha Kilara 3/5,Łódź,Matematyka PP,46,43,87,
m.Łódź,Technikum nr 1,Drewnowska 171,Łódź,Język angielski PP,85,64,89,
m.Łódź,Technikum nr 1,Drewnowska 171,Łódź,Język niemiecki PP,4,53,0,
m.Łódź,Technikum nr 1,Drewnowska 171,Łódź,Język polski PP,89,53,58,
m.Łódź,Technikum nr 1,Drewnowska 171,Łódź,Matematyka PP,89,38,74,
m.Łódź,XII Liceum Ogólnokształcące im. Stanisława Wyspiańskiego w Łodzi,Anstadta 7,Łódź,Język angielski PP,140,93,20,
m.Łódź,XII Liceum Ogólnokształcące im. Stanisława Wyspiańskiego w Łodzi,Anstadta 7,Łódź,Język francuski PP,2,88,0,
m.Łódź,XII Liceum Ogólnokształcące im. Stanisława Wyspiańskiego w Łodzi,Anstadta 7,Łódź,Język niemiecki PP,9,89,11,
m.Łódź,XII Liceum Ogólnokształcące im. Stanisława Wyspiańskiego w Łodzi,Anstadta 7,Łódź,Język polski PP,153,63,77,
m.Łódź,XII Liceum Ogólnokształcące im. Stanisława Wyspiańskiego w Łodzi,Anstadta 7,Łódź,Język rosyjski PP,2,96,0,
m.Łódź,XII Liceum Ogólnokształcące im. Stanisława Wyspiańskiego w Łodzi,Anstadta 7,Łódź,Matematyka PP,153,88,58,
m.Łódź,XXIV Liceum Ogólnokształcące im. Marii Skłodowskiej-Curie w Łodzi,Marysińska 61/67,Łódź,Język angielski PP,109,75,41,
m.Łódź,XXIV Liceum Ogólnokształcące im. Marii Skłodowskiej-Curie w Łodzi,Marysińska 61/67,Łódź,Język hiszpański PP,1,48,0,
m.Łódź,XXIV Liceum Ogólnokształcące im. Marii Skłodowskiej-Curie w Łodzi,Marysińska 61/67,Łódź,Język niemiecki PP,2,76,0,
m.Łódź,XXIV Liceum Ogólnokształcące im. Marii Skłodowskiej-Curie w Łodzi,Marysińska 61/67,Łódź,Język polski PP,114,43,48,
m.Łódź,XXIV Liceum Ogólnokształcące im. Marii Skłodowskiej-Curie w Łodzi,Marysińska 61/67,Łódź,Język rosyjski PP,2,90,0,
m.Łódź,XXIV Liceum Ogólnokształcące im. Marii Skłodowskiej-Curie w Łodzi,Marysińska 61/67,Łódź,Matematyka PP,114,57,81,
m.Łódź,XV Liceum Ogólnokształcące im.J.Kasprowicza,Traktorowa 77,Łódź,Język angielski PP,78,74,13,
m.Łódź,XV Liceum Ogólnokształcące im.J.Kasprowicza,Traktorowa 77,Łódź,Język niemiecki PP,1,44,0,
m.Łódź,XV Liceum Ogólnokształcące im.J.Kasprowicza,Traktorowa 77,Łódź,Język polski PP,83,59,33,
m.Łódź,XV Liceum Ogólnokształcące im.J.Kasprowicza,Traktorowa 77,Łódź,Język rosyjski PP,2,82,0,
m.Łódź,XV Liceum Ogólnokształcące im.J.Kasprowicza,Traktorowa 77,Łódź,Język włoski PP,2,63,0,
m.Łódź,XV Liceum Ogólnokształcące im.J.Kasprowicza,Traktorowa 77,Łódź,Matematyka PP,83,49,25,
m.Łódź,Katolickie Liceum Ogólnokształcące im. Jana Pawła II w Łodzi,Baczyńskiego 156,Łódź,Język angielski PP,19,90,0,
m.Łódź,Katolickie Liceum Ogólnokształcące im. Jana Pawła II w Łodzi,Baczyńskiego 156,Łódź,Język francuski PP,1,78,0,
m.Łódź,Katolickie Liceum Ogólnokształcące im. Jana Pawła II w Łodzi,Baczyńskiego 156,Łódź,Język polski PP,20,49,79,
m.Łódź,Katolickie Liceum Ogólnokształcące im. Jana Pawła II w Łodzi,Baczyńskiego 156,Łódź,Matematyka PP,20,75,0,
m.Łódź,Technikum nr 13 w Zespole Szkół Geodezyjno-Technicznych im. Sybiraków w  Łodzi,Skrzydlata 15,Łódź,Język angielski PP,67,69,28,
m.Łódź,Technikum nr 13 w Zespole Szkół Geodezyjno-Technicznych im. Sybiraków w  Łodzi,Skrzydlata 15,Łódź,Język polski PP,68,42,10,
m.Łódź,Technikum nr 13 w Zespole Szkół Geodezyjno-Technicznych im. Sybiraków w  Łodzi,Skrzydlata 15,Łódź,Język rosyjski PP,1,72,0,
m.Łódź,Technikum nr 13 w Zespole Szkół Geodezyjno-Technicznych im. Sybiraków w  Łodzi,Skrzydlata 15,Łódź,Matematyka PP,68,58,71,
m.Łódź,XIII Liceum Ogólnokształcące,Zuli Pacanowskiej 4,Łódź,Język angielski PP,108,89,76,
m.Łódź,XIII Liceum Ogólnokształcące,Zuli Pacanowskiej 4,Łódź,Język francuski PP,13,77,54,
m.Łódź,XIII Liceum Ogólnokształcące,Zuli Pacanowskiej 4,Łódź,Język polski PP,121,53,92,
m.Łódź,XIII Liceum Ogólnokształcące,Zuli Pacanowskiej 4,Łódź,Matematyka PP,121,74,0,
m.Łódź,XLII Liceum Ogólnokształcące w Zespole Szkół Ogólnokształcących nr 4 im. Ireny Sendlerowej,Stawowa 28,Łódź,Język angielski PP,25,62,16,
m.Łódź,XLII Liceum Ogólnokształcące w Zespole Szkół Ogólnokształcących nr 4 im. Ireny Sendlerowej,Stawowa 28,Łódź,Język polski PP,25,40,80,
m.Łódź,XLII Liceum Ogólnokształcące w Zespole Szkół Ogólnokształcących nr 4 im. Ireny Sendlerowej,Stawowa 28,Łódź,Matematyka PP,25,38,8,
m.Łódź,Katolickie Liceum Ogólnokształcące  im. O. Anastazego Pankiewicza OO. Bernardynów,Bł. Anastazego Pankiewicza 15,Łódź,Język angielski PP,16,75,88,
m.Łódź,Katolickie Liceum Ogólnokształcące  im. O. Anastazego Pankiewicza OO. Bernardynów,Bł. Anastazego Pankiewicza 15,Łódź,Język polski PP,17,47,90,
m.Łódź,Katolickie Liceum Ogólnokształcące  im. O. Anastazego Pankiewicza OO. Bernardynów,Bł. Anastazego Pankiewicza 15,Łódź,Język rosyjski PP,1,94,0,
m.Łódź,Katolickie Liceum Ogólnokształcące  im. O. Anastazego Pankiewicza OO. Bernardynów,Bł. Anastazego Pankiewicza 15,Łódź,Matematyka PP,17,71,53,
m.Łódź,Ogólnokształcąca Szkoła Baletowa im. Feliksa Parnella,Wrocławska 3/5,Łódź,Język angielski PP,4,62,50,
m.Łódź,Ogólnokształcąca Szkoła Baletowa im. Feliksa Parnella,Wrocławska 3/5,Łódź,Język polski PP,4,60,71,
m.Łódź,Ogólnokształcąca Szkoła Baletowa im. Feliksa Parnella,Wrocławska 3/5,Łódź,Matematyka PP,4,46,50,
m.Łódź,Ogólnokształcąca Szkoła Sztuk Pięknych w Zespole Państwowych Szkół Plastycznych im. T. Makowskiego w Łodzi,Gandhiego 14,Łódź,Język angielski PP,14,67,57,
m.Łódź,Ogólnokształcąca Szkoła Sztuk Pięknych w Zespole Państwowych Szkół Plastycznych im. T. Makowskiego w Łodzi,Gandhiego 14,Łódź,Język polski PP,14,41,94,
m.Łódź,Ogólnokształcąca Szkoła Sztuk Pięknych w Zespole Państwowych Szkół Plastycznych im. T. Makowskiego w Łodzi,Gandhiego 14,Łódź,Matematyka PP,14,38,71,
m.Łódź,Liceum Plastyczne w Zespole Państwowych Szkół Plastycznych im. T. Makowskiego w Łodzi,Gandhiego 14,Łódź,Język angielski PP,42,80,48,
m.Łódź,Liceum Plastyczne w Zespole Państwowych Szkół Plastycznych im. T. Makowskiego w Łodzi,Gandhiego 14,Łódź,Język niemiecki PP,2,80,0,
m.Łódź,Liceum Plastyczne w Zespole Państwowych Szkół Plastycznych im. T. Makowskiego w Łodzi,Gandhiego 14,Łódź,Język polski PP,44,56,72,
m.Łódź,Liceum Plastyczne w Zespole Państwowych Szkół Plastycznych im. T. Makowskiego w Łodzi,Gandhiego 14,Łódź,Matematyka PP,44,50,36,
m.Łódź,LV Liceum Ogólnokształcące w Zespole Szkół Ponadgimnazjalnych nr 10 im. Jana Szczepanika w Łodzi,Strykowska 10/18,Łódź,Język angielski PP,12,65,50,
m.Łódź,LV Liceum Ogólnokształcące w Zespole Szkół Ponadgimnazjalnych nr 10 im. Jana Szczepanika w Łodzi,Strykowska 10/18,Łódź,Język niemiecki PP,1,92,0,
m.Łódź,LV Liceum Ogólnokształcące w Zespole Szkół Ponadgimnazjalnych nr 10 im. Jana Szczepanika w Łodzi,Strykowska 10/18,Łódź,Język polski PP,13,43,8,
m.Łódź,LV Liceum Ogólnokształcące w Zespole Szkół Ponadgimnazjalnych nr 10 im. Jana Szczepanika w Łodzi,Strykowska 10/18,Łódź,Matematyka PP,13,57,38,
m.Łódź,Technikum nr 10 w Zespole Szkół Ponadgimnazjalnych nr 10 im. Jana Szczepanika w Łodzi,Strykowska 10/18,Łódź,Język angielski PP,120,85,75,
m.Łódź,Technikum nr 10 w Zespole Szkół Ponadgimnazjalnych nr 10 im. Jana Szczepanika w Łodzi,Strykowska 10/18,Łódź,Język niemiecki PP,2,89,0,
m.Łódź,Technikum nr 10 w Zespole Szkół Ponadgimnazjalnych nr 10 im. Jana Szczepanika w Łodzi,Strykowska 10/18,Łódź,Język polski PP,122,40,82,
m.Łódź,Technikum nr 10 w Zespole Szkół Ponadgimnazjalnych nr 10 im. Jana Szczepanika w Łodzi,Strykowska 10/18,Łódź,Matematyka PP,122,79,20,
m.Łódź,Technikum nr 5 w Zespole Szkół Ponadgimnazjalnych nr 5 im. Króla Bolesława Chrobrego w Łodzi,Drewnowska 88,Łódź,Język angielski PP,46,57,65,
m.Łódź,Technikum nr 5 w Zespole Szkół Ponadgimnazjalnych nr 5 im. Króla Bolesława Chrobrego w Łodzi,Drewnowska 88,Łódź,Język niemiecki PP,1,20,0,
m.Łódź,Technikum nr 5 w Zespole Szkół Ponadgimnazjalnych nr 5 im. Króla Bolesława Chrobrego w Łodzi,Drewnowska 88,Łódź,Język polski PP,47,36,93,
m.Łódź,Technikum nr 5 w Zespole Szkół Ponadgimnazjalnych nr 5 im. Króla Bolesława Chrobrego w Łodzi,Drewnowska 88,Łódź,Matematyka PP,47,45,23,
m.Łódź,Technikum Przy Łódzkiej Szkole Mody Kosmetologii Fryzjerstwa Anagra,Łanowa 4,Łódź,Język angielski PP,34,69,0,
m.Łódź,Technikum Przy Łódzkiej Szkole Mody Kosmetologii Fryzjerstwa Anagra,Łanowa 4,Łódź,Język polski PP,34,48,74,
m.Łódź,Technikum Przy Łódzkiej Szkole Mody Kosmetologii Fryzjerstwa Anagra,Łanowa 4,Łódź,Matematyka PP,34,42,94,
m.Łódź,Technikum Projektowania Mody Przy Łódzkiej Szkole Mody Kosmetologii Fryzjerstwa Anagra,Łanowa 4,Łódź,Język angielski PP,3,50,67,
m.Łódź,Technikum Projektowania Mody Przy Łódzkiej Szkole Mody Kosmetologii Fryzjerstwa Anagra,Łanowa 4,Łódź,Język polski PP,3,34,76,
m.Łódź,Technikum Projektowania Mody Przy Łódzkiej Szkole Mody Kosmetologii Fryzjerstwa Anagra,Łanowa 4,Łódź,Matematyka PP,3,46,0,
m.Łódź,Technikum nr 17 w Zespole Szkół Techniczno-Informatycznych im. Jana Nowaka-Jeziorańskiego w Łodzi,al.Politechniki 37,Łódź,Język angielski PP,58,73,3,
m.Łódź,Technikum nr 17 w Zespole Szkół Techniczno-Informatycznych im. Jana Nowaka-Jeziorańskiego w Łodzi,al.Politechniki 37,Łódź,Język niemiecki PP,2,76,0,
m.Łódź,Technikum nr 17 w Zespole Szkół Techniczno-Informatycznych im. Jana Nowaka-Jeziorańskiego w Łodzi,al.Politechniki 37,Łódź,Język polski PP,60,44,88,
m.Łódź,Technikum nr 17 w Zespole Szkół Techniczno-Informatycznych im. Jana Nowaka-Jeziorańskiego w Łodzi,al.Politechniki 37,Łódź,Matematyka PP,60,60,97,
m.Łódź,Technikum nr 9 w Zespole Szkół Ponadgimnazjalnych nr 9 w Łodzi,al. Politechniki 38,Łódź,Język angielski PP,94,79,0,
m.Łódź,Technikum nr 9 w Zespole Szkół Ponadgimnazjalnych nr 9 w Łodzi,al. Politechniki 38,Łódź,Język polski PP,94,45,49,
m.Łódź,Technikum nr 9 w Zespole Szkół Ponadgimnazjalnych nr 9 w Łodzi,al. Politechniki 38,Łódź,Matematyka PP,94,62,40,
m.Łódź,XXXI Liceum Ogólnokształcące im. Ludwika Zamenhofa w Łodzi,Konspiracyjnego Wojska Polskiego 5b,Łódź,Język angielski PP,159,93,74,
m.Łódź,XXXI Liceum Ogólnokształcące im. Ludwika Zamenhofa w Łodzi,Konspiracyjnego Wojska Polskiego 5b,Łódź,Język polski PP,159,60,10,
m.Łódź,XXXI Liceum Ogólnokształcące im. Ludwika Zamenhofa w Łodzi,Konspiracyjnego Wojska Polskiego 5b,Łódź,Matematyka PP,159,82,57,
m.Łódź,Liceum Ogólnokształcące MIKRON,Piękna 30/32,łódź,Język angielski PP,4,84,50,
m.Łódź,Liceum Ogólnokształcące MIKRON,Piękna 30/32,łódź,Język polski PP,4,53,21,
m.Łódź,Liceum Ogólnokształcące MIKRON,Piękna 30/32,łódź,Matematyka PP,4,48,50,
m.Łódź,Technikum nr 22 im.gen. S. Maczka w Zespole Szkół Samochodowych i Mechatronicznych w Łodzi,Przybyszewskiego 73/75,Łódź,Język angielski PP,32,51,44,
m.Łódź,Technikum nr 22 im.gen. S. Maczka w Zespole Szkół Samochodowych i Mechatronicznych w Łodzi,Przybyszewskiego 73/75,Łódź,Język polski PP,33,24,72,
m.Łódź,Technikum nr 22 im.gen. S. Maczka w Zespole Szkół Samochodowych i Mechatronicznych w Łodzi,Przybyszewskiego 73/75,Łódź,Matematyka PP,33,35,45,
m.Łódź,XX Liceum Ogólnokształcące im. Juliusza Słowackiego w Łodzi,Obywatelska 57,Łódź,Język angielski PP,66,73,33,
m.Łódź,XX Liceum Ogólnokształcące im. Juliusza Słowackiego w Łodzi,Obywatelska 57,Łódź,Język niemiecki PP,1,84,0,
m.Łódź,XX Liceum Ogólnokształcące im. Juliusza Słowackiego w Łodzi,Obywatelska 57,Łódź,Język polski PP,69,53,11,
m.Łódź,XX Liceum Ogólnokształcące im. Juliusza Słowackiego w Łodzi,Obywatelska 57,Łódź,Język rosyjski PP,2,78,0,
m.Łódź,XX Liceum Ogólnokształcące im. Juliusza Słowackiego w Łodzi,Obywatelska 57,Łódź,Matematyka PP,69,51,28,
m.Łódź,Technikum nr 2 w Zespole Szkół Ekonomii i Usług,Astronautów 19,Łódź,Język angielski PP,66,67,42,
m.Łódź,Technikum nr 2 w Zespole Szkół Ekonomii i Usług,Astronautów 19,Łódź,Język niemiecki PP,1,72,0,
m.Łódź,Technikum nr 2 w Zespole Szkół Ekonomii i Usług,Astronautów 19,Łódź,Język polski PP,67,46,10,
m.Łódź,Technikum nr 2 w Zespole Szkół Ekonomii i Usług,Astronautów 19,Łódź,Matematyka PP,67,48,12,
m.Łódź,VI Liceum Ogólnokształcące im. Joachima Lelewela,Podmiejska 21,Łódź,Język angielski PP,57,76,46,
m.Łódź,VI Liceum Ogólnokształcące im. Joachima Lelewela,Podmiejska 21,Łódź,Język niemiecki PP,1,42,0,
m.Łódź,VI Liceum Ogólnokształcące im. Joachima Lelewela,Podmiejska 21,Łódź,Język polski PP,59,52,83,
m.Łódź,VI Liceum Ogólnokształcące im. Joachima Lelewela,Podmiejska 21,Łódź,Język rosyjski PP,1,38,0,
m.Łódź,VI Liceum Ogólnokształcące im. Joachima Lelewela,Podmiejska 21,Łódź,Matematyka PP,59,43,83,
m.Łódź,XXV Liceum Ogólnokształcące im. Stefana Zeromskiego,Podhalańska 2 A,Łódź,Język angielski PP,161,86,82,
m.Łódź,XXV Liceum Ogólnokształcące im. Stefana Zeromskiego,Podhalańska 2 A,Łódź,Język niemiecki PP,4,77,0,
m.Łódź,XXV Liceum Ogólnokształcące im. Stefana Zeromskiego,Podhalańska 2 A,Łódź,Język polski PP,165,60,94,
m.Łódź,XXV Liceum Ogólnokształcące im. Stefana Zeromskiego,Podhalańska 2 A,Łódź,Matematyka PP,164,70,95,
m.Łódź,IX Liceum Ogólnokształcące im. Jarosława Dąbrowskiego w Łodzi,Paderewskiego 24,Łódź,Język angielski PP,89,76,34,
m.Łódź,IX Liceum Ogólnokształcące im. Jarosława Dąbrowskiego w Łodzi,Paderewskiego 24,Łódź,Język hiszpański PP,2,38,0,
m.Łódź,IX Liceum Ogólnokształcące im. Jarosława Dąbrowskiego w Łodzi,Paderewskiego 24,Łódź,Język niemiecki PP,4,72,0,
m.Łódź,IX Liceum Ogólnokształcące im. Jarosława Dąbrowskiego w Łodzi,Paderewskiego 24,Łódź,Język polski PP,96,49,33,
m.Łódź,IX Liceum Ogólnokształcące im. Jarosława Dąbrowskiego w Łodzi,Paderewskiego 24,Łódź,Język rosyjski PP,1,66,0,
m.Łódź,IX Liceum Ogólnokształcące im. Jarosława Dąbrowskiego w Łodzi,Paderewskiego 24,Łódź,Matematyka PP,96,56,77,
m.Łódź,Technikum nr 12  im. Bł.Matki Teresy z Kalkuty w Zespole Szkół Przemysłu Mody w Łodzi,Adama Naruszewicza 35,Łódź,Język angielski PP,40,63,65,
m.Łódź,Technikum nr 12  im. Bł.Matki Teresy z Kalkuty w Zespole Szkół Przemysłu Mody w Łodzi,Adama Naruszewicza 35,Łódź,Język polski PP,40,40,46,
m.Łódź,Technikum nr 12  im. Bł.Matki Teresy z Kalkuty w Zespole Szkół Przemysłu Mody w Łodzi,Adama Naruszewicza 35,Łódź,Matematyka PP,40,41,35,
m.Łódź,Ogólnokształcąca Szkoła Muzyczna I i II Stopnia im. Henryka Wieniawskiego w Łodzi,ul. Sosnowa 9,Łódź,Język angielski PP,23,90,87,
m.Łódź,Ogólnokształcąca Szkoła Muzyczna I i II Stopnia im. Henryka Wieniawskiego w Łodzi,ul. Sosnowa 9,Łódź,Język niemiecki PP,1,82,0,
m.Łódź,Ogólnokształcąca Szkoła Muzyczna I i II Stopnia im. Henryka Wieniawskiego w Łodzi,ul. Sosnowa 9,Łódź,Język polski PP,24,59,94,
m.Łódź,Ogólnokształcąca Szkoła Muzyczna I i II Stopnia im. Henryka Wieniawskiego w Łodzi,ul. Sosnowa 9,Łódź,Matematyka PP,24,59,92,
m.Łódź,XLIII Liceum Ogólnokształcące w Zespole Szkół Ogólnokształcących nr 5 im. Juliana Tuwima w Łodzi,Królewska 13/15,Łódź,Język angielski PP,18,64,89,
m.Łódź,XLIII Liceum Ogólnokształcące w Zespole Szkół Ogólnokształcących nr 5 im. Juliana Tuwima w Łodzi,Królewska 13/15,Łódź,Język niemiecki PP,2,76,0,
m.Łódź,XLIII Liceum Ogólnokształcące w Zespole Szkół Ogólnokształcących nr 5 im. Juliana Tuwima w Łodzi,Królewska 13/15,Łódź,Język polski PP,20,32,64,
m.Łódź,XLIII Liceum Ogólnokształcące w Zespole Szkół Ogólnokształcących nr 5 im. Juliana Tuwima w Łodzi,Królewska 13/15,Łódź,Matematyka PP,20,35,10,
m.Łódź,XLIV Liceum Ogólnokształcące w Łodzi,Wacława 22/24,Łódź,Język angielski PP,57,66,60,
m.Łódź,XLIV Liceum Ogólnokształcące w Łodzi,Wacława 22/24,Łódź,Język francuski PP,2,93,0,
m.Łódź,XLIV Liceum Ogólnokształcące w Łodzi,Wacława 22/24,Łódź,Język niemiecki PP,4,38,50,
m.Łódź,XLIV Liceum Ogólnokształcące w Łodzi,Wacława 22/24,Łódź,Język polski PP,64,40,31,
m.Łódź,XLIV Liceum Ogólnokształcące w Łodzi,Wacława 22/24,Łódź,Matematyka PP,64,34,84,
m.Łódź,Szkoła Mistrzostwa Sportowego im.Kazimierza Górskiego Liceum Ogólnokształcące w Łodzi,Milionowa 12,Łódź,Język angielski PP,43,50,70,
m.Łódź,Szkoła Mistrzostwa Sportowego im.Kazimierza Górskiego Liceum Ogólnokształcące w Łodzi,Milionowa 12,Łódź,Język polski PP,43,42,13,
m.Łódź,Szkoła Mistrzostwa Sportowego im.Kazimierza Górskiego Liceum Ogólnokształcące w Łodzi,Milionowa 12,Łódź,Matematyka PP,43,47,49,
m.Łódź,Liceum Ogólnokształcące dla Dorosłych,Piłsudskiego 135,ŁÓDŹ,Język angielski PP,2,72,0,
m.Łódź,Liceum Ogólnokształcące dla Dorosłych,Piłsudskiego 135,ŁÓDŹ,Język polski PP,2,40,0,
m.Łódź,Liceum Ogólnokształcące dla Dorosłych,Piłsudskiego 135,ŁÓDŹ,Matematyka PP,2,19,0,
m.Łódź,Katolickie Liceum Ogólnokształcące im. Świętej Matki Teresy z Kalkuty Stowarzyszenia Przyjaciół Szkół Katolickich w Łodzi,Nałkowskiej 2,Łódź,Język angielski PP,6,67,0,
m.Łódź,Katolickie Liceum Ogólnokształcące im. Świętej Matki Teresy z Kalkuty Stowarzyszenia Przyjaciół Szkół Katolickich w Łodzi,Nałkowskiej 2,Łódź,Język polski PP,6,49,52,
m.Łódź,Katolickie Liceum Ogólnokształcące im. Świętej Matki Teresy z Kalkuty Stowarzyszenia Przyjaciół Szkół Katolickich w Łodzi,Nałkowskiej 2,Łódź,Matematyka PP,6,50,67,
m.Łódź,Szkoła Mistrzostwa Sportowego Liceum Ogólnokształcące Marcina Gortata w Łodzi,Kadłubka 33,Łódź,Język angielski PP,39,63,95,
m.Łódź,Szkoła Mistrzostwa Sportowego Liceum Ogólnokształcące Marcina Gortata w Łodzi,Kadłubka 33,Łódź,Język polski PP,41,35,40,
m.Łódź,Szkoła Mistrzostwa Sportowego Liceum Ogólnokształcące Marcina Gortata w Łodzi,Kadłubka 33,Łódź,Język rosyjski PP,2,57,0,
m.Łódź,Szkoła Mistrzostwa Sportowego Liceum Ogólnokształcące Marcina Gortata w Łodzi,Kadłubka 33,Łódź,Matematyka PP,41,46,93,
m.Łódź,Liceum Ogólnokształcące Sportowo - Mundurowe Centrum Edukacji Oświatowiec w Łodzi,Piotrkowska 276C,Łódź,Język angielski PP,16,54,88,
m.Łódź,Liceum Ogólnokształcące Sportowo - Mundurowe Centrum Edukacji Oświatowiec w Łodzi,Piotrkowska 276C,Łódź,Język polski PP,16,41,79,
m.Łódź,Liceum Ogólnokształcące Sportowo - Mundurowe Centrum Edukacji Oświatowiec w Łodzi,Piotrkowska 276C,Łódź,Matematyka PP,16,28,50,
m.Łódź,Społeczne Liceum Ogólnokształcące,Rajdowa 13,Łódź,Język angielski PP,32,73,75,
m.Łódź,Społeczne Liceum Ogólnokształcące,Rajdowa 13,Łódź,Język francuski PP,2,82,0,
m.Łódź,Społeczne Liceum Ogólnokształcące,Rajdowa 13,Łódź,Język polski PP,34,47,61,
m.Łódź,Społeczne Liceum Ogólnokształcące,Rajdowa 13,Łódź,Matematyka PP,34,44,53,
m.Łódź,XXXIII Liceum Ogólnokształcące im. Armii Krajowej,Kusocińskiego 116,Łódź,Język angielski PP,125,85,26,
m.Łódź,XXXIII Liceum Ogólnokształcące im. Armii Krajowej,Kusocińskiego 116,Łódź,Język hiszpański PP,2,26,0,
m.Łódź,XXXIII Liceum Ogólnokształcące im. Armii Krajowej,Kusocińskiego 116,Łódź,Język niemiecki PP,1,56,0,
m.Łódź,XXXIII Liceum Ogólnokształcące im. Armii Krajowej,Kusocińskiego 116,Łódź,Język polski PP,128,55,59,
m.Łódź,XXXIII Liceum Ogólnokształcące im. Armii Krajowej,Kusocińskiego 116,Łódź,Matematyka PP,127,70,27,
m.Łódź,Liceum Ogólnokształcące Jolanty i Jana Misiaków w Łodzi, al. Wyszyńskiego 44,Wyszyńskiego 44,Łódź,Język angielski PP,10,70,0
m.Łódź,Liceum Ogólnokształcące Jolanty i Jana Misiaków w Łodzi, al. Wyszyńskiego 44,Wyszyńskiego 44,Łódź,Język polski PP,10,43,14
m.Łódź,Liceum Ogólnokształcące Jolanty i Jana Misiaków w Łodzi, al. Wyszyńskiego 44,Wyszyńskiego 44,Łódź,Matematyka PP,10,50,20
m.Łódź,XXXIV LICEUM OGÓLNOKSZTAŁCĄCE IM. KRZYSZTOFA KIEŚLOWSKIEGO W Łodzi,UL. WAPIENNA 17,ŁÓDŹ,Język angielski PP,14,64,57,
m.Łódź,XXXIV LICEUM OGÓLNOKSZTAŁCĄCE IM. KRZYSZTOFA KIEŚLOWSKIEGO W Łodzi,UL. WAPIENNA 17,ŁÓDŹ,Język polski PP,14,53,27,
m.Łódź,XXXIV LICEUM OGÓLNOKSZTAŁCĄCE IM. KRZYSZTOFA KIEŚLOWSKIEGO W Łodzi,UL. WAPIENNA 17,ŁÓDŹ,Matematyka PP,14,34,0,
m.Łódź,Liceum Ogólnokształcace nr 18,Perla 11,Łódź,Język angielski PP,68,58,76,
m.Łódź,Liceum Ogólnokształcace nr 18,Perla 11,Łódź,Język niemiecki PP,5,44,40,
m.Łódź,Liceum Ogólnokształcace nr 18,Perla 11,Łódź,Język polski PP,75,44,19,
m.Łódź,Liceum Ogólnokształcace nr 18,Perla 11,Łódź,Język rosyjski PP,2,83,0,
m.Łódź,Liceum Ogólnokształcace nr 18,Perla 11,Łódź,Matematyka PP,75,44,37,
m.Łódź,XXVI LO w Łodzi,ul. Wileńska 22A,Łódź,Język angielski PP,160,93,76,
m.Łódź,XXVI LO w Łodzi,ul. Wileńska 22A,Łódź,Język francuski PP,1,100,0,
m.Łódź,XXVI LO w Łodzi,ul. Wileńska 22A,Łódź,Język polski PP,161,67,99,
m.Łódź,XXVI LO w Łodzi,ul. Wileńska 22A,Łódź,Matematyka PP,161,81,14,
m.Łódź,Publiczne Liceum Ogólnokształcące Politechniki Łódzkiej,Różyckiego 5,Łódź,Język angielski PP,102,97,2,
m.Łódź,Publiczne Liceum Ogólnokształcące Politechniki Łódzkiej,Różyckiego 5,Łódź,Język hiszpański PP,1,98,0,
m.Łódź,Publiczne Liceum Ogólnokształcące Politechniki Łódzkiej,Różyckiego 5,Łódź,Język polski PP,105,69,99,
m.Łódź,Publiczne Liceum Ogólnokształcące Politechniki Łódzkiej,Różyckiego 5,Łódź,Język rosyjski PP,1,100,0,
m.Łódź,Publiczne Liceum Ogólnokształcące Politechniki Łódzkiej,Różyckiego 5,Łódź,Język włoski PP,1,98,0,
m.Łódź,Publiczne Liceum Ogólnokształcące Politechniki Łódzkiej,Różyckiego 5,Łódź,Matematyka PP,105,94,67,
m.Łódź,Technikum Samochodowe Zakładu Doskonalenia Zawodowego w Łodzi,Łąkowa 4,Łódź,Język angielski PP,8,38,75,
m.Łódź,Technikum Samochodowe Zakładu Doskonalenia Zawodowego w Łodzi,Łąkowa 4,Łódź,Język polski PP,8,25,18,
m.Łódź,Technikum Samochodowe Zakładu Doskonalenia Zawodowego w Łodzi,Łąkowa 4,Łódź,Matematyka PP,8,23,0,
m.Łódź,Akademickie Liceum Ogólnokształcące  w Łodzi,Wileńska 53/55,Łódź,Język angielski PP,5,58,80,
m.Łódź,Akademickie Liceum Ogólnokształcące  w Łodzi,Wileńska 53/55,Łódź,Język polski PP,5,61,43,
m.Łódź,Akademickie Liceum Ogólnokształcące  w Łodzi,Wileńska 53/55,Łódź,Matematyka PP,5,47,20,
m.Łódź,Technikum nr 4 w Zespole Szkół Gastronomiznych w Łodzi,Sienkiewicza 88,Łódź,Język angielski PP,84,60,5,
m.Łódź,Technikum nr 4 w Zespole Szkół Gastronomiznych w Łodzi,Sienkiewicza 88,Łódź,Język polski PP,85,38,24,
m.Łódź,Technikum nr 4 w Zespole Szkół Gastronomiznych w Łodzi,Sienkiewicza 88,Łódź,Język rosyjski PP,1,100,0,
m.Łódź,Technikum nr 4 w Zespole Szkół Gastronomiznych w Łodzi,Sienkiewicza 88,Łódź,Matematyka PP,85,38,54,
m.Łódź,Liceum Ogólnokształcące dla Dorosłych Łódzkiej Korporacji Oświatowej sp. z o.o.,Jaracza 70,Łódź,Język angielski PP,2,68,0,
m.Łódź,Liceum Ogólnokształcące dla Dorosłych Łódzkiej Korporacji Oświatowej sp. z o.o.,Jaracza 70,Łódź,Język polski PP,4,36,79,
m.Łódź,Liceum Ogólnokształcące dla Dorosłych Łódzkiej Korporacji Oświatowej sp. z o.o.,Jaracza 70,Łódź,Język rosyjski PP,2,71,0,
m.Łódź,Liceum Ogólnokształcące dla Dorosłych Łódzkiej Korporacji Oświatowej sp. z o.o.,Jaracza 70,Łódź,Matematyka PP,4,49,50,
m.Łódź,Technikum nr 19 w Centrum Kształcenia Zawodowego i Ustawicznego w Łodzi,Żeromskiego 115,Łódź,Język angielski PP,124,69,84,
m.Łódź,Technikum nr 19 w Centrum Kształcenia Zawodowego i Ustawicznego w Łodzi,Żeromskiego 115,Łódź,Język niemiecki PP,1,56,0,
m.Łódź,Technikum nr 19 w Centrum Kształcenia Zawodowego i Ustawicznego w Łodzi,Żeromskiego 115,Łódź,Język polski PP,126,44,27,
m.Łódź,Technikum nr 19 w Centrum Kształcenia Zawodowego i Ustawicznego w Łodzi,Żeromskiego 115,Łódź,Język rosyjski PP,1,56,0,
m.Łódź,Technikum nr 19 w Centrum Kształcenia Zawodowego i Ustawicznego w Łodzi,Żeromskiego 115,Łódź,Matematyka PP,126,42,40,
m.Łódź,Technikum Nr 15 w Zespole Szkół Budowlano - Technicznych im. dr Stefana Kopcińskiego w Łodzi,Kopcińskiego 5/11,Łódź,Język angielski PP,20,63,60,
m.Łódź,Technikum Nr 15 w Zespole Szkół Budowlano - Technicznych im. dr Stefana Kopcińskiego w Łodzi,Kopcińskiego 5/11,Łódź,Język niemiecki PP,1,40,0,
m.Łódź,Technikum Nr 15 w Zespole Szkół Budowlano - Technicznych im. dr Stefana Kopcińskiego w Łodzi,Kopcińskiego 5/11,Łódź,Język polski PP,22,44,68,
m.Łódź,Technikum Nr 15 w Zespole Szkół Budowlano - Technicznych im. dr Stefana Kopcińskiego w Łodzi,Kopcińskiego 5/11,Łódź,Język rosyjski PP,1,100,0,
m.Łódź,Technikum Nr 15 w Zespole Szkół Budowlano - Technicznych im. dr Stefana Kopcińskiego w Łodzi,Kopcińskiego 5/11,Łódź,Matematyka PP,22,52,45,
m.Łódź,IV Liceum Ogólnokształcące im. E. Sczanieckiej w Łodzi,Pomorska 16,Łódź,Język angielski PP,99,85,27,
m.Łódź,IV Liceum Ogólnokształcące im. E. Sczanieckiej w Łodzi,Pomorska 16,Łódź,Język hiszpański PP,1,94,0,
m.Łódź,IV Liceum Ogólnokształcące im. E. Sczanieckiej w Łodzi,Pomorska 16,Łódź,Język polski PP,100,62,57,
m.Łódź,IV Liceum Ogólnokształcące im. E. Sczanieckiej w Łodzi,Pomorska 16,Łódź,Matematyka PP,100,68,32,
m.Łódź,Liceum Ogólnokształcące Umiejętności Twórczych,Rewolucji 1905 r. nr 52,Łódź,Język angielski PP,13,79,69,
m.Łódź,Liceum Ogólnokształcące Umiejętności Twórczych,Rewolucji 1905 r. nr 52,Łódź,Język polski PP,13,53,8,
m.Łódź,Liceum Ogólnokształcące Umiejętności Twórczych,Rewolucji 1905 r. nr 52,Łódź,Matematyka PP,13,45,38,
m.Łódź,Technikum Informatyki Edukacji Innowacyjnej w Łodzi,Rewolucji 1905 r. nr 52,Łódź,Język angielski PP,6,63,67,
m.Łódź,Technikum Informatyki Edukacji Innowacyjnej w Łodzi,Rewolucji 1905 r. nr 52,Łódź,Język polski PP,6,34,52,
m.Łódź,Technikum Informatyki Edukacji Innowacyjnej w Łodzi,Rewolucji 1905 r. nr 52,Łódź,Matematyka PP,6,48,67,
m.Łódź,Salezjańskie Liceum Ogólnokształcące   im. Księdza Bosko,Wodna 34,Łódź,Język angielski PP,108,90,72,
m.Łódź,Salezjańskie Liceum Ogólnokształcące   im. Księdza Bosko,Wodna 34,Łódź,Język hiszpański PP,3,82,0,
m.Łódź,Salezjańskie Liceum Ogólnokształcące   im. Księdza Bosko,Wodna 34,Łódź,Język niemiecki PP,2,86,0,
m.Łódź,Salezjańskie Liceum Ogólnokształcące   im. Księdza Bosko,Wodna 34,Łódź,Język polski PP,113,61,86,
m.Łódź,Salezjańskie Liceum Ogólnokształcące   im. Księdza Bosko,Wodna 34,Łódź,Matematyka PP,113,76,58,
m.Łódź,I Liceum Ogólnokształacące im. Mikołaja Kopernika w Łodzi,Więckowskiego 41,Łódź,Język angielski PP,138,97,32,
m.Łódź,I Liceum Ogólnokształacące im. Mikołaja Kopernika w Łodzi,Więckowskiego 41,Łódź,Język francuski PP,2,88,0,
m.Łódź,I Liceum Ogólnokształacące im. Mikołaja Kopernika w Łodzi,Więckowskiego 41,Łódź,Język niemiecki PP,10,80,0,
m.Łódź,I Liceum Ogólnokształacące im. Mikołaja Kopernika w Łodzi,Więckowskiego 41,Łódź,Język polski PP,150,67,58,
m.Łódź,I Liceum Ogólnokształacące im. Mikołaja Kopernika w Łodzi,Więckowskiego 41,Łódź,Matematyka PP,150,91,20,
m.Łódź,"XXIX Liceum Ogólnokształcące im. hm. Janka Bytnara ,, Rudego""",Zelwerowicza 38/44,Łódź,Język angielski PP,102,85,86,
m.Łódź,"XXIX Liceum Ogólnokształcące im. hm. Janka Bytnara ,, Rudego""",Zelwerowicza 38/44,Łódź,Język polski PP,102,46,41,
m.Łódź,"XXIX Liceum Ogólnokształcące im. hm. Janka Bytnara ,, Rudego""",Zelwerowicza 38/44,Łódź,Matematyka PP,102,70,47,
m.Łódź,Technikum nr 3,ul. Kilińskiego 159/163,Łódź,Język angielski PP,56,73,32,
m.Łódź,Technikum nr 3,ul. Kilińskiego 159/163,Łódź,Język niemiecki PP,16,50,75,
m.Łódź,Technikum nr 3,ul. Kilińskiego 159/163,Łódź,Język polski PP,71,46,78,
m.Łódź,Technikum nr 3,ul. Kilińskiego 159/163,Łódź,Matematyka PP,72,52,72,
m.Łódź,VIII Liceum Ogólnokształcące   im. Adama Asnyka w Łodzi,Pomorska 105,Łódź,Język angielski PP,105,91,1,
m.Łódź,VIII Liceum Ogólnokształcące   im. Adama Asnyka w Łodzi,Pomorska 105,Łódź,Język niemiecki PP,16,90,38,
m.Łódź,VIII Liceum Ogólnokształcące   im. Adama Asnyka w Łodzi,Pomorska 105,Łódź,Język polski PP,121,55,42,
m.Łódź,VIII Liceum Ogólnokształcące   im. Adama Asnyka w Łodzi,Pomorska 105,Łódź,Matematyka PP,121,69,64,
m.Łódź,Liceum Ogólnokształcące nr. XXI im. Bolesława Prusa,Kopernika 2,Łódź,Język angielski PP,145,95,37,
m.Łódź,Liceum Ogólnokształcące nr. XXI im. Bolesława Prusa,Kopernika 2,Łódź,Język francuski PP,1,100,0,
m.Łódź,Liceum Ogólnokształcące nr. XXI im. Bolesława Prusa,Kopernika 2,Łódź,Język niemiecki PP,3,88,0,
m.Łódź,Liceum Ogólnokształcące nr. XXI im. Bolesława Prusa,Kopernika 2,Łódź,Język polski PP,149,62,79,
m.Łódź,Liceum Ogólnokształcące nr. XXI im. Bolesława Prusa,Kopernika 2,Łódź,Matematyka PP,149,80,97,
m.Łódź,III Liceum Ogólnokształcące im.T.Kościuszki w Łodzi,Sienkiewicza 46,Łódź,Język angielski PP,137,94,48,
m.Łódź,III Liceum Ogólnokształcące im.T.Kościuszki w Łodzi,Sienkiewicza 46,Łódź,Język hiszpański PP,1,84,0,
m.Łódź,III Liceum Ogólnokształcące im.T.Kościuszki w Łodzi,Sienkiewicza 46,Łódź,Język niemiecki PP,4,91,0,
m.Łódź,III Liceum Ogólnokształcące im.T.Kościuszki w Łodzi,Sienkiewicza 46,Łódź,Język polski PP,147,65,62,
m.Łódź,III Liceum Ogólnokształcące im.T.Kościuszki w Łodzi,Sienkiewicza 46,Łódź,Język rosyjski PP,5,91,60,
m.Łódź,III Liceum Ogólnokształcące im.T.Kościuszki w Łodzi,Sienkiewicza 46,Łódź,Matematyka PP,147,80,93,
m.Łódź,II Liceum Ogólnokształcące im. Gabriela Narutowicza w Łodzi,Nowa 11/13,Łódź,Język angielski PP,93,74,54,
m.Łódź,II Liceum Ogólnokształcące im. Gabriela Narutowicza w Łodzi,Nowa 11/13,Łódź,Język niemiecki PP,6,58,0,
m.Łódź,II Liceum Ogólnokształcące im. Gabriela Narutowicza w Łodzi,Nowa 11/13,Łódź,Język polski PP,99,60,98,
m.Łódź,II Liceum Ogólnokształcące im. Gabriela Narutowicza w Łodzi,Nowa 11/13,Łódź,Matematyka PP,99,50,73,
m.Łódź,"Liceum Ogólnokształcące dla Dorosłych przy Centrum Edukacyjno-Dydaktycznym ""OMEGA"" w Łodzi",Sienkiewicza 85/87,Łódź,Język angielski PP,10,64,20,
m.Łódź,"Liceum Ogólnokształcące dla Dorosłych przy Centrum Edukacyjno-Dydaktycznym ""OMEGA"" w Łodzi",Sienkiewicza 85/87,Łódź,Język niemiecki PP,1,34,0,
m.Łódź,"Liceum Ogólnokształcące dla Dorosłych przy Centrum Edukacyjno-Dydaktycznym ""OMEGA"" w Łodzi",Sienkiewicza 85/87,Łódź,Język polski PP,11,42,86,
m.Łódź,"Liceum Ogólnokształcące dla Dorosłych przy Centrum Edukacyjno-Dydaktycznym ""OMEGA"" w Łodzi",Sienkiewicza 85/87,Łódź,Matematyka PP,11,30,0,
m.Łódź,"Publiczne Zaoczne Liceum Ogólnokształcące ""Cosinus""",Wólczańska 4a,Łódź,Język angielski PP,101,62,4,
m.Łódź,"Publiczne Zaoczne Liceum Ogólnokształcące ""Cosinus""",Wólczańska 4a,Łódź,Język niemiecki PP,1,86,0,
m.Łódź,"Publiczne Zaoczne Liceum Ogólnokształcące ""Cosinus""",Wólczańska 4a,Łódź,Język polski PP,111,38,73,
m.Łódź,"Publiczne Zaoczne Liceum Ogólnokształcące ""Cosinus""",Wólczańska 4a,Łódź,Język rosyjski PP,6,51,0,
m.Łódź,"Publiczne Zaoczne Liceum Ogólnokształcące ""Cosinus""",Wólczańska 4a,Łódź,Język włoski PP,1,20,0,
m.Łódź,"Publiczne Zaoczne Liceum Ogólnokształcące ""Cosinus""",Wólczańska 4a,Łódź,Matematyka PP,108,29,37,
m.Łódź,ATUT LIDER KSZTAŁCENIA Liceum Ogólnokształcące dla dorosłych w Łodzi,Piotrkowska 173,Łódź,Język angielski PP,5,29,20,
m.Łódź,ATUT LIDER KSZTAŁCENIA Liceum Ogólnokształcące dla dorosłych w Łodzi,Piotrkowska 173,Łódź,Język polski PP,5,24,57,
m.Łódź,ATUT LIDER KSZTAŁCENIA Liceum Ogólnokształcące dla dorosłych w Łodzi,Piotrkowska 173,Łódź,Matematyka PP,5,16,0,
m.Łódź,MUNDUROWE LICEUM OGOLNOKSZTAŁCĄCE W ŁODZI,ul. Klaretyńska 9,Łódź,Język angielski PP,75,64,59,
m.Łódź,MUNDUROWE LICEUM OGOLNOKSZTAŁCĄCE W ŁODZI,ul. Klaretyńska 9,Łódź,Język niemiecki PP,6,46,33,
m.Łódź,MUNDUROWE LICEUM OGOLNOKSZTAŁCĄCE W ŁODZI,ul. Klaretyńska 9,Łódź,Język polski PP,81,41,99,
m.Łódź,MUNDUROWE LICEUM OGOLNOKSZTAŁCĄCE W ŁODZI,ul. Klaretyńska 9,Łódź,Matematyka PP,81,41,65,
m.Łódź,Liceum Ogólnokształcące dla Dorosłych w Centrum Kształcenia Ustawicznego im. Ewarysta Estkowskiego w Centrum Kształcenia Zawodowegi i Ustawicznego w Łodzi,Stefana Żeromskiego 115,Łódź,Język angielski PP,25,49,84,
m.Łódź,Liceum Ogólnokształcące dla Dorosłych w Centrum Kształcenia Ustawicznego im. Ewarysta Estkowskiego w Centrum Kształcenia Zawodowegi i Ustawicznego w Łodzi,Stefana Żeromskiego 115,Łódź,Język niemiecki PP,2,17,0,
m.Łódź,Liceum Ogólnokształcące dla Dorosłych w Centrum Kształcenia Ustawicznego im. Ewarysta Estkowskiego w Centrum Kształcenia Zawodowegi i Ustawicznego w Łodzi,Stefana Żeromskiego 115,Łódź,Język polski PP,28,30,31,
m.Łódź,Liceum Ogólnokształcące dla Dorosłych w Centrum Kształcenia Ustawicznego im. Ewarysta Estkowskiego w Centrum Kształcenia Zawodowegi i Ustawicznego w Łodzi,Stefana Żeromskiego 115,Łódź,Język rosyjski PP,1,58,0,
m.Łódź,Liceum Ogólnokształcące dla Dorosłych w Centrum Kształcenia Ustawicznego im. Ewarysta Estkowskiego w Centrum Kształcenia Zawodowegi i Ustawicznego w Łodzi,Stefana Żeromskiego 115,Łódź,Matematyka PP,28,25,57,
m.Łódź,Trzyletnie Liceum Ogólnokształcące dla Dorosłych ŻAK,Piotrkowska 278,Łódź,Język angielski PP,20,41,40,
m.Łódź,Trzyletnie Liceum Ogólnokształcące dla Dorosłych ŻAK,Piotrkowska 278,Łódź,Język polski PP,19,27,52,
m.Łódź,Trzyletnie Liceum Ogólnokształcące dla Dorosłych ŻAK,Piotrkowska 278,Łódź,Matematyka PP,20,21,50,
m.Łódź,Akademia-Liceum Ogólnokształcące dla Młodzieży w Łodzi,Kilińskiego 21,Łódź,Język angielski PP,12,60,0,
m.Łódź,Akademia-Liceum Ogólnokształcące dla Młodzieży w Łodzi,Kilińskiego 21,Łódź,Język polski PP,12,38,10,
m.Łódź,Akademia-Liceum Ogólnokształcące dla Młodzieży w Łodzi,Kilińskiego 21,Łódź,Matematyka PP,12,33,67,
m.Łódź,Akademia-Technikum dla Młodzieży w Łodzi,Kilińskiego 21,Łódź,Język angielski PP,19,44,42,
m.Łódź,Akademia-Technikum dla Młodzieży w Łodzi,Kilińskiego 21,Łódź,Język polski PP,19,41,58,
m.Łódź,Akademia-Technikum dla Młodzieży w Łodzi,Kilińskiego 21,Łódź,Matematyka PP,19,27,79,
m.Łódź,Publiczne Liceum Ogólnokształcące UŁ,Pomorska 161,Łódź,Język angielski PP,98,94,57,
m.Łódź,Publiczne Liceum Ogólnokształcące UŁ,Pomorska 161,Łódź,Język polski PP,98,63,35,
m.Łódź,Publiczne Liceum Ogólnokształcące UŁ,Pomorska 161,Łódź,Matematyka PP,98,80,86,
m.Łódź,Liceum Ogólnokształcące dla Dorosłych SKK,Rewolucji 1905 nr 65,Łódź,Język angielski PP,10,71,40,
m.Łódź,Liceum Ogólnokształcące dla Dorosłych SKK,Rewolucji 1905 nr 65,Łódź,Język polski PP,10,44,29,
m.Łódź,Liceum Ogólnokształcące dla Dorosłych SKK,Rewolucji 1905 nr 65,Łódź,Matematyka PP,10,54,20,
m.Łódź,Liceum Akademickie Akademickiego Centrum Edukacyjnego Społecznej Akademii Nauk w Łodzi,Kilińskiego 98,Łódź,Język angielski PP,12,79,83,
m.Łódź,Liceum Akademickie Akademickiego Centrum Edukacyjnego Społecznej Akademii Nauk w Łodzi,Kilińskiego 98,Łódź,Język polski PP,12,56,67,
m.Łódź,Liceum Akademickie Akademickiego Centrum Edukacyjnego Społecznej Akademii Nauk w Łodzi,Kilińskiego 98,Łódź,Matematyka PP,12,51,17,
m.Łódź,Prywatne Liceum Ogólnokształcące Nowoczesna Edukacja,Narutowicza 86,Łódź,Język angielski PP,36,86,56,
m.Łódź,Prywatne Liceum Ogólnokształcące Nowoczesna Edukacja,Narutowicza 86,Łódź,Język polski PP,36,52,26,
m.Łódź,Prywatne Liceum Ogólnokształcące Nowoczesna Edukacja,Narutowicza 86,Łódź,Matematyka PP,36,56,78,
m.Łódź,Technikum nr 18 Poligraficzne im.Mikołaja Reja w Zespole Szkół Poligraficznych w Łodzi,Edwarda 41,Łódź,Język angielski PP,14,60,57,
m.Łódź,Technikum nr 18 Poligraficzne im.Mikołaja Reja w Zespole Szkół Poligraficznych w Łodzi,Edwarda 41,Łódź,Język niemiecki PP,3,30,0,
m.Łódź,Technikum nr 18 Poligraficzne im.Mikołaja Reja w Zespole Szkół Poligraficznych w Łodzi,Edwarda 41,Łódź,Język polski PP,17,36,39,
m.Łódź,Technikum nr 18 Poligraficzne im.Mikołaja Reja w Zespole Szkół Poligraficznych w Łodzi,Edwarda 41,Łódź,Matematyka PP,17,26,12,
m.Łódź,XXIII Liceum Ogólnokształcące im. ks. prof. Józefa Tischnera w Łodzi,Al. Marsz. J. Piłsudskiego 159,Łódź,Język angielski PP,61,57,2,
m.Łódź,XXIII Liceum Ogólnokształcące im. ks. prof. Józefa Tischnera w Łodzi,Al. Marsz. J. Piłsudskiego 159,Łódź,Język francuski PP,2,62,0,
m.Łódź,XXIII Liceum Ogólnokształcące im. ks. prof. Józefa Tischnera w Łodzi,Al. Marsz. J. Piłsudskiego 159,Łódź,Język niemiecki PP,2,40,0,
m.Łódź,XXIII Liceum Ogólnokształcące im. ks. prof. Józefa Tischnera w Łodzi,Al. Marsz. J. Piłsudskiego 159,Łódź,Język polski PP,66,51,41,
m.Łódź,XXIII Liceum Ogólnokształcące im. ks. prof. Józefa Tischnera w Łodzi,Al. Marsz. J. Piłsudskiego 159,Łódź,Język rosyjski PP,1,32,0,
m.Łódź,XXIII Liceum Ogólnokształcące im. ks. prof. Józefa Tischnera w Łodzi,Al. Marsz. J. Piłsudskiego 159,Łódź,Matematyka PP,66,42,91,
m.Łódź,XXXII Liceum Ogólnokształcące im. Haliny Poświatowskiej w Zespole Szkół Ogólnokształcących nr 1 w Łodzi,Czajkowskiego14,Łódź,Język angielski PP,131,79,95,
m.Łódź,XXXII Liceum Ogólnokształcące im. Haliny Poświatowskiej w Zespole Szkół Ogólnokształcących nr 1 w Łodzi,Czajkowskiego14,Łódź,Język hiszpański PP,8,75,50,
m.Łódź,XXXII Liceum Ogólnokształcące im. Haliny Poświatowskiej w Zespole Szkół Ogólnokształcących nr 1 w Łodzi,Czajkowskiego14,Łódź,Język niemiecki PP,2,80,0,
m.Łódź,XXXII Liceum Ogólnokształcące im. Haliny Poświatowskiej w Zespole Szkół Ogólnokształcących nr 1 w Łodzi,Czajkowskiego14,Łódź,Język polski PP,141,50,76,
m.Łódź,XXXII Liceum Ogólnokształcące im. Haliny Poświatowskiej w Zespole Szkół Ogólnokształcących nr 1 w Łodzi,Czajkowskiego14,Łódź,Matematyka PP,140,59,21,
m.Łódź,XLVII Liceum Ogólnokształcące w Zespole  Szkół Ogólnokształcących Nr 8 im. Stanisława Staszica,Czernika 1/3,Łódź,Język angielski PP,32,75,13,
m.Łódź,XLVII Liceum Ogólnokształcące w Zespole  Szkół Ogólnokształcących Nr 8 im. Stanisława Staszica,Czernika 1/3,Łódź,Język hiszpański PP,1,40,0,
m.Łódź,XLVII Liceum Ogólnokształcące w Zespole  Szkół Ogólnokształcących Nr 8 im. Stanisława Staszica,Czernika 1/3,Łódź,Język niemiecki PP,2,60,0,
m.Łódź,XLVII Liceum Ogólnokształcące w Zespole  Szkół Ogólnokształcących Nr 8 im. Stanisława Staszica,Czernika 1/3,Łódź,Język polski PP,35,54,0,
m.Łódź,XLVII Liceum Ogólnokształcące w Zespole  Szkół Ogólnokształcących Nr 8 im. Stanisława Staszica,Czernika 1/3,Łódź,Matematyka PP,35,46,74,
m.Łódź,Liceum Ogólnokształcące dla Dorosłych w Łodzi,Piotra Czajkowskiego 14,Łódź,Język angielski PP,6,61,67,
m.Łódź,Liceum Ogólnokształcące dla Dorosłych w Łodzi,Piotra Czajkowskiego 14,Łódź,Język polski PP,6,32,14,
m.Łódź,Liceum Ogólnokształcące dla Dorosłych w Łodzi,Piotra Czajkowskiego 14,Łódź,Matematyka PP,6,37,0,
m.Łódź,Liceum Ogólnokształcące dla Dorosłych,al. marsz. Józefa Piłsudskiego 135,Łódź,Język angielski PP,19,58,84,
m.Łódź,Liceum Ogólnokształcące dla Dorosłych,al. marsz. Józefa Piłsudskiego 135,Łódź,Język hiszpański PP,1,16,0,
m.Łódź,Liceum Ogólnokształcące dla Dorosłych,al. marsz. Józefa Piłsudskiego 135,Łódź,Język niemiecki PP,1,20,0,
m.Łódź,Liceum Ogólnokształcące dla Dorosłych,al. marsz. Józefa Piłsudskiego 135,Łódź,Język polski PP,25,29,83,
m.Łódź,Liceum Ogólnokształcące dla Dorosłych,al. marsz. Józefa Piłsudskiego 135,Łódź,Język rosyjski PP,4,26,0,
m.Łódź,Liceum Ogólnokształcące dla Dorosłych,al. marsz. Józefa Piłsudskiego 135,Łódź,Matematyka PP,25,23,84,
m.Łódź,Liceum Ogólnokształcące GKJ,al.Piłsudskiego135,Łódź,Język angielski PP,64,59,78,
m.Łódź,Liceum Ogólnokształcące GKJ,al.Piłsudskiego135,Łódź,Język niemiecki PP,2,57,0,
m.Łódź,Liceum Ogólnokształcące GKJ,al.Piłsudskiego135,Łódź,Język polski PP,67,41,98,
m.Łódź,Liceum Ogólnokształcące GKJ,al.Piłsudskiego135,Łódź,Język włoski PP,1,100,0,
m.Łódź,Liceum Ogólnokształcące GKJ,al.Piłsudskiego135,Łódź,Matematyka PP,67,31,73,
m.Łódź,"Międzynarodowa Szkoła Mistrzostwa Sportowego Liceum Ogólnokształcące ""Edukacja i Sport""",Brzozowa,Łódź,Język angielski PP,5,80,40,
m.Łódź,"Międzynarodowa Szkoła Mistrzostwa Sportowego Liceum Ogólnokształcące ""Edukacja i Sport""",Brzozowa,Łódź,Język polski PP,33,47,14,
m.Łódź,"Międzynarodowa Szkoła Mistrzostwa Sportowego Liceum Ogólnokształcące ""Edukacja i Sport""",Brzozowa,Łódź,Język rosyjski PP,28,96,36,
m.Łódź,"Międzynarodowa Szkoła Mistrzostwa Sportowego Liceum Ogólnokształcące ""Edukacja i Sport""",Brzozowa,Łódź,Matematyka PP,33,44,18,
