m.Łódź,Technikum Informatyczne,Rojna 33,Łódź,Informatyka PR,8,7,50,472220061
m.Łódź,Technikum Informatyczne,Rojna 33,Łódź,Język angielski PR,6,52,0,472220061
m.Łódź,Technikum Informatyczne,Rojna 33,Łódź,Matematyka PR,2,10,0,472220061
m.Łódź,Technikum Logistyczne,Rojna 33,Łódź,Geografia PR,8,15,83,472220061
m.Łódź,Technikum Logistyczne,Rojna 33,Łódź,Historia PR,2,35,0,472220061
m.Łódź,Technikum Logistyczne,Rojna 33,Łódź,Język angielski PR,5,23,60,472220061
m.Łódź,Technikum Logistyczne,Rojna 33,Łódź,Język polski PR,3,38,33,472220061
m.Łódź,Technikum Logistyczne,Rojna 33,Łódź,Matematyka PR,4,9,50,472220061
m.Łódź,Technikum Logistyczne,Rojna 33,Łódź,Wiedza o społeczeństwie PR,1,43,33,472220061
m.Łódź,Technikum nr 21 w Zespole Szkół Rzemiosła im. Jana Kilińskiego w Łodzi,Żubardzka 2,Łódź,Biologia PR,9,11,85,473059538
m.Łódź,Technikum nr 21 w Zespole Szkół Rzemiosła im. Jana Kilińskiego w Łodzi,Żubardzka 2,Łódź,Chemia PR,1,6,67,473059538
m.Łódź,Technikum nr 21 w Zespole Szkół Rzemiosła im. Jana Kilińskiego w Łodzi,Żubardzka 2,Łódź,Geografia PR,6,22,22,473059538
m.Łódź,Technikum nr 21 w Zespole Szkół Rzemiosła im. Jana Kilińskiego w Łodzi,Żubardzka 2,Łódź,Język angielski PR,18,34,89,473059538
m.Łódź,Technikum nr 21 w Zespole Szkół Rzemiosła im. Jana Kilińskiego w Łodzi,Żubardzka 2,Łódź,Język polski PR,3,51,67,473059538
m.Łódź,Technikum nr 21 w Zespole Szkół Rzemiosła im. Jana Kilińskiego w Łodzi,Żubardzka 2,Łódź,Matematyka PR,8,16,25,473059538
m.Łódź,Technikum Nr 6 w Zespole Szkół Przemysłu Spożywczego im. Powstańców Wielkopolskich w Łodzi,Franciszkańska 137,Łódź,Biologia PR,5,23,67,000186134
m.Łódź,Technikum Nr 6 w Zespole Szkół Przemysłu Spożywczego im. Powstańców Wielkopolskich w Łodzi,Franciszkańska 137,Łódź,Historia PR,2,9,0,000186134
m.Łódź,Technikum Nr 6 w Zespole Szkół Przemysłu Spożywczego im. Powstańców Wielkopolskich w Łodzi,Franciszkańska 137,Łódź,Język angielski PR,9,24,89,000186134
m.Łódź,Technikum Nr 6 w Zespole Szkół Przemysłu Spożywczego im. Powstańców Wielkopolskich w Łodzi,Franciszkańska 137,Łódź,Język polski PR,6,47,50,000186134
m.Łódź,Zespół Szkół Ponadgimnazjalnych nr 20 im. Marszałka Józefa Piłsudskiego,Warecka 41,Łódź,Fizyka PR,8,12,29,000179625
m.Łódź,Zespół Szkół Ponadgimnazjalnych nr 20 im. Marszałka Józefa Piłsudskiego,Warecka 41,Łódź,Geografia PR,3,13,33,000179625
m.Łódź,Zespół Szkół Ponadgimnazjalnych nr 20 im. Marszałka Józefa Piłsudskiego,Warecka 41,Łódź,Historia PR,1,16,0,000179625
m.Łódź,Zespół Szkół Ponadgimnazjalnych nr 20 im. Marszałka Józefa Piłsudskiego,Warecka 41,Łódź,Język angielski PR,15,47,7,000179625
m.Łódź,Zespół Szkół Ponadgimnazjalnych nr 20 im. Marszałka Józefa Piłsudskiego,Warecka 41,Łódź,Język polski PR,3,20,83,000179625
m.Łódź,Zespół Szkół Ponadgimnazjalnych nr 20 im. Marszałka Józefa Piłsudskiego,Warecka 41,Łódź,Matematyka PR,10,15,60,000179625
m.Łódź,Technikum nr 7 w Zespole Szkół Samochodowych w Łodzi,Wojciecha Kilara 3/5,Łódź,Fizyka PR,27,15,43,473057321
m.Łódź,Technikum nr 7 w Zespole Szkół Samochodowych w Łodzi,Wojciecha Kilara 3/5,Łódź,Geografia PR,5,9,67,473057321
m.Łódź,Technikum nr 7 w Zespole Szkół Samochodowych w Łodzi,Wojciecha Kilara 3/5,Łódź,Język angielski PR,22,27,82,473057321
m.Łódź,Technikum nr 7 w Zespole Szkół Samochodowych w Łodzi,Wojciecha Kilara 3/5,Łódź,Język niemiecki PR,1,24,0,473057321
m.Łódź,Technikum nr 7 w Zespole Szkół Samochodowych w Łodzi,Wojciecha Kilara 3/5,Łódź,Matematyka PR,10,8,60,473057321
m.Łódź,Technikum nr 1,Drewnowska 171,Łódź,Biologia PR,4,11,25,000181533
m.Łódź,Technikum nr 1,Drewnowska 171,Łódź,Chemia PR,1,1,67,000181533
m.Łódź,Technikum nr 1,Drewnowska 171,Łódź,Geografia PR,43,22,67,000181533
m.Łódź,Technikum nr 1,Drewnowska 171,Łódź,Historia PR,1,26,0,000181533
m.Łódź,Technikum nr 1,Drewnowska 171,Łódź,Informatyka PR,1,4,0,000181533
m.Łódź,Technikum nr 1,Drewnowska 171,Łódź,Język angielski PR,50,44,92,000181533
m.Łódź,Technikum nr 1,Drewnowska 171,Łódź,Język niemiecki PR,1,34,0,000181533
m.Łódź,Technikum nr 1,Drewnowska 171,Łódź,Język polski PR,30,33,83,000181533
m.Łódź,Technikum nr 1,Drewnowska 171,Łódź,Matematyka PR,10,8,0,000181533
m.Łódź,Technikum nr 1,Drewnowska 171,Łódź,Wiedza o społeczeństwie PR,2,18,33,000181533
m.Łódź,XII Liceum Ogólnokształcące im. Stanisława Wyspiańskiego w Łodzi,Anstadta 7,Łódź,Biologia PR,22,52,5,000731710
m.Łódź,XII Liceum Ogólnokształcące im. Stanisława Wyspiańskiego w Łodzi,Anstadta 7,Łódź,Chemia PR,22,60,8,000731710
m.Łódź,XII Liceum Ogólnokształcące im. Stanisława Wyspiańskiego w Łodzi,Anstadta 7,Łódź,Fizyka PR,58,57,30,000731710
m.Łódź,XII Liceum Ogólnokształcące im. Stanisława Wyspiańskiego w Łodzi,Anstadta 7,Łódź,Geografia PR,28,57,2,000731710
m.Łódź,XII Liceum Ogólnokształcące im. Stanisława Wyspiańskiego w Łodzi,Anstadta 7,Łódź,Historia PR,10,50,20,000731710
m.Łódź,XII Liceum Ogólnokształcące im. Stanisława Wyspiańskiego w Łodzi,Anstadta 7,Łódź,Język angielski PR,136,80,41,000731710
m.Łódź,XII Liceum Ogólnokształcące im. Stanisława Wyspiańskiego w Łodzi,Anstadta 7,Łódź,Język francuski PR,1,80,0,000731710
m.Łódź,XII Liceum Ogólnokształcące im. Stanisława Wyspiańskiego w Łodzi,Anstadta 7,Łódź,Język hiszpański PR,4,62,50,000731710
m.Łódź,XII Liceum Ogólnokształcące im. Stanisława Wyspiańskiego w Łodzi,Anstadta 7,Łódź,Język niemiecki PR,7,66,0,000731710
m.Łódź,XII Liceum Ogólnokształcące im. Stanisława Wyspiańskiego w Łodzi,Anstadta 7,Łódź,Język polski PR,14,77,50,000731710
m.Łódź,XII Liceum Ogólnokształcące im. Stanisława Wyspiańskiego w Łodzi,Anstadta 7,Łódź,Język rosyjski PR,4,88,50,000731710
m.Łódź,XII Liceum Ogólnokształcące im. Stanisława Wyspiańskiego w Łodzi,Anstadta 7,Łódź,Matematyka PR,133,62,86,000731710
m.Łódź,XII Liceum Ogólnokształcące im. Stanisława Wyspiańskiego w Łodzi,Anstadta 7,Łódź,Wiedza o społeczeństwie PR,2,42,50,000731710
m.Łódź,XXIV Liceum Ogólnokształcące im. Marii Skłodowskiej-Curie w Łodzi,Marysińska 61/67,Łódź,Biologia PR,16,30,42,000217580
m.Łódź,XXIV Liceum Ogólnokształcące im. Marii Skłodowskiej-Curie w Łodzi,Marysińska 61/67,Łódź,Chemia PR,26,23,65,000217580
m.Łódź,XXIV Liceum Ogólnokształcące im. Marii Skłodowskiej-Curie w Łodzi,Marysińska 61/67,Łódź,Fizyka PR,7,41,19,000217580
m.Łódź,XXIV Liceum Ogólnokształcące im. Marii Skłodowskiej-Curie w Łodzi,Marysińska 61/67,Łódź,Geografia PR,38,26,71,000217580
m.Łódź,XXIV Liceum Ogólnokształcące im. Marii Skłodowskiej-Curie w Łodzi,Marysińska 61/67,Łódź,Historia PR,1,32,0,000217580
m.Łódź,XXIV Liceum Ogólnokształcące im. Marii Skłodowskiej-Curie w Łodzi,Marysińska 61/67,Łódź,Historia sztuki PR,1,25,0,000217580
m.Łódź,XXIV Liceum Ogólnokształcące im. Marii Skłodowskiej-Curie w Łodzi,Marysińska 61/67,Łódź,Język angielski PR,75,48,83,000217580
m.Łódź,XXIV Liceum Ogólnokształcące im. Marii Skłodowskiej-Curie w Łodzi,Marysińska 61/67,Łódź,Język niemiecki PR,1,38,0,000217580
m.Łódź,XXIV Liceum Ogólnokształcące im. Marii Skłodowskiej-Curie w Łodzi,Marysińska 61/67,Łódź,Język polski PR,46,54,62,000217580
m.Łódź,XXIV Liceum Ogólnokształcące im. Marii Skłodowskiej-Curie w Łodzi,Marysińska 61/67,Łódź,Język rosyjski PR,2,69,0,000217580
m.Łódź,XXIV Liceum Ogólnokształcące im. Marii Skłodowskiej-Curie w Łodzi,Marysińska 61/67,Łódź,Matematyka PR,27,35,26,000217580
m.Łódź,XXIV Liceum Ogólnokształcące im. Marii Skłodowskiej-Curie w Łodzi,Marysińska 61/67,Łódź,Wiedza o społeczeństwie PR,1,25,0,000217580
m.Łódź,XV Liceum Ogólnokształcące im.J.Kasprowicza,Traktorowa 77,Łódź,Biologia PR,30,20,33,000217395
m.Łódź,XV Liceum Ogólnokształcące im.J.Kasprowicza,Traktorowa 77,Łódź,Chemia PR,9,22,96,000217395
m.Łódź,XV Liceum Ogólnokształcące im.J.Kasprowicza,Traktorowa 77,Łódź,Geografia PR,15,33,0,000217395
m.Łódź,XV Liceum Ogólnokształcące im.J.Kasprowicza,Traktorowa 77,Łódź,Historia muzyki PR,1,20,0,000217395
m.Łódź,XV Liceum Ogólnokształcące im.J.Kasprowicza,Traktorowa 77,Łódź,Historia PR,12,35,0,000217395
m.Łódź,XV Liceum Ogólnokształcące im.J.Kasprowicza,Traktorowa 77,Łódź,Historia sztuki PR,1,11,67,000217395
m.Łódź,XV Liceum Ogólnokształcące im.J.Kasprowicza,Traktorowa 77,Łódź,Język angielski PR,55,55,85,000217395
m.Łódź,XV Liceum Ogólnokształcące im.J.Kasprowicza,Traktorowa 77,Łódź,Język polski PR,35,63,0,000217395
m.Łódź,XV Liceum Ogólnokształcące im.J.Kasprowicza,Traktorowa 77,Łódź,Język rosyjski PR,3,59,33,000217395
m.Łódź,XV Liceum Ogólnokształcące im.J.Kasprowicza,Traktorowa 77,Łódź,Matematyka PR,5,12,40,000217395
m.Łódź,XV Liceum Ogólnokształcące im.J.Kasprowicza,Traktorowa 77,Łódź,Wiedza o społeczeństwie PR,10,22,50,000217395
m.Łódź,Katolickie Liceum Ogólnokształcące im. Jana Pawła II w Łodzi,Baczyńskiego 156,Łódź,Biologia PR,6,30,28,101482423
m.Łódź,Katolickie Liceum Ogólnokształcące im. Jana Pawła II w Łodzi,Baczyńskiego 156,Łódź,Chemia PR,4,20,83,101482423
m.Łódź,Katolickie Liceum Ogólnokształcące im. Jana Pawła II w Łodzi,Baczyńskiego 156,Łódź,Fizyka PR,4,62,8,101482423
m.Łódź,Katolickie Liceum Ogólnokształcące im. Jana Pawła II w Łodzi,Baczyńskiego 156,Łódź,Geografia PR,6,55,56,101482423
m.Łódź,Katolickie Liceum Ogólnokształcące im. Jana Pawła II w Łodzi,Baczyńskiego 156,Łódź,Historia PR,3,60,0,101482423
m.Łódź,Katolickie Liceum Ogólnokształcące im. Jana Pawła II w Łodzi,Baczyńskiego 156,Łódź,Język angielski PR,18,75,11,101482423
m.Łódź,Katolickie Liceum Ogólnokształcące im. Jana Pawła II w Łodzi,Baczyńskiego 156,Łódź,Język francuski PR,1,62,0,101482423
m.Łódź,Katolickie Liceum Ogólnokształcące im. Jana Pawła II w Łodzi,Baczyńskiego 156,Łódź,Język niemiecki PR,1,70,0,101482423
m.Łódź,Katolickie Liceum Ogólnokształcące im. Jana Pawła II w Łodzi,Baczyńskiego 156,Łódź,Język polski PR,5,51,50,101482423
m.Łódź,Katolickie Liceum Ogólnokształcące im. Jana Pawła II w Łodzi,Baczyńskiego 156,Łódź,Matematyka PR,10,56,20,101482423
m.Łódź,"Prywatne Liceum Ogólnokształcące dla Dorosłych ""ALFA""",Pomorska 16,Łódź,Filozofia PR,1,6,0,000830049
m.Łódź,"Prywatne Liceum Ogólnokształcące dla Dorosłych ""ALFA""",Pomorska 16,Łódź,Język angielski PR,1,36,0,000830049
m.Łódź,Technikum nr 13 w Zespole Szkół Geodezyjno-Technicznych im. Sybiraków w  Łodzi,Skrzydlata 15,Łódź,Biologia PR,7,25,24,000932005
m.Łódź,Technikum nr 13 w Zespole Szkół Geodezyjno-Technicznych im. Sybiraków w  Łodzi,Skrzydlata 15,Łódź,Chemia PR,1,11,67,000932005
m.Łódź,Technikum nr 13 w Zespole Szkół Geodezyjno-Technicznych im. Sybiraków w  Łodzi,Skrzydlata 15,Łódź,Fizyka PR,9,17,59,000932005
m.Łódź,Technikum nr 13 w Zespole Szkół Geodezyjno-Technicznych im. Sybiraków w  Łodzi,Skrzydlata 15,Łódź,Geografia PR,30,30,78,000932005
m.Łódź,Technikum nr 13 w Zespole Szkół Geodezyjno-Technicznych im. Sybiraków w  Łodzi,Skrzydlata 15,Łódź,Historia PR,1,64,0,000932005
m.Łódź,Technikum nr 13 w Zespole Szkół Geodezyjno-Technicznych im. Sybiraków w  Łodzi,Skrzydlata 15,Łódź,Informatyka PR,5,11,60,000932005
m.Łódź,Technikum nr 13 w Zespole Szkół Geodezyjno-Technicznych im. Sybiraków w  Łodzi,Skrzydlata 15,Łódź,Język angielski PR,51,46,86,000932005
m.Łódź,Technikum nr 13 w Zespole Szkół Geodezyjno-Technicznych im. Sybiraków w  Łodzi,Skrzydlata 15,Łódź,Język polski PR,9,67,22,000932005
m.Łódź,Technikum nr 13 w Zespole Szkół Geodezyjno-Technicznych im. Sybiraków w  Łodzi,Skrzydlata 15,Łódź,Matematyka PR,36,18,44,000932005
m.Łódź,Technikum nr 13 w Zespole Szkół Geodezyjno-Technicznych im. Sybiraków w  Łodzi,Skrzydlata 15,Łódź,Wiedza o społeczeństwie PR,1,30,0,000932005
m.Łódź,XIII Liceum Ogólnokształcące,Zuli Pacanowskiej 4,Łódź,Biologia PR,22,45,53,
m.Łódź,XIII Liceum Ogólnokształcące,Zuli Pacanowskiej 4,Łódź,Chemia PR,18,35,65,
m.Łódź,XIII Liceum Ogólnokształcące,Zuli Pacanowskiej 4,Łódź,Filozofia PR,2,69,0,
m.Łódź,XIII Liceum Ogólnokształcące,Zuli Pacanowskiej 4,Łódź,Fizyka PR,33,56,6,
m.Łódź,XIII Liceum Ogólnokształcące,Zuli Pacanowskiej 4,Łódź,Geografia PR,13,45,77,
m.Łódź,XIII Liceum Ogólnokształcące,Zuli Pacanowskiej 4,Łódź,Historia PR,13,53,8,
m.Łódź,XIII Liceum Ogólnokształcące,Zuli Pacanowskiej 4,Łódź,Historia sztuki PR,1,23,33,
m.Łódź,XIII Liceum Ogólnokształcące,Zuli Pacanowskiej 4,Łódź,Informatyka PR,2,38,0,
m.Łódź,XIII Liceum Ogólnokształcące,Zuli Pacanowskiej 4,Łódź,Język angielski PR,98,67,61,
m.Łódź,XIII Liceum Ogólnokształcące,Zuli Pacanowskiej 4,Łódź,Język francuski PR,14,55,14,
m.Łódź,XIII Liceum Ogólnokształcące,Zuli Pacanowskiej 4,Łódź,Język polski PR,40,66,25,
m.Łódź,XIII Liceum Ogólnokształcące,Zuli Pacanowskiej 4,Łódź,Matematyka PR,56,55,14,
m.Łódź,XIII Liceum Ogólnokształcące,Zuli Pacanowskiej 4,Łódź,Wiedza o społeczeństwie PR,6,39,17,
m.Łódź,XLII Liceum Ogólnokształcące w Zespole Szkół Ogólnokształcących nr 4 im. Ireny Sendlerowej,Stawowa 28,Łódź,Biologia PR,2,10,83,471030022
m.Łódź,XLII Liceum Ogólnokształcące w Zespole Szkół Ogólnokształcących nr 4 im. Ireny Sendlerowej,Stawowa 28,Łódź,Geografia PR,9,22,4,471030022
m.Łódź,XLII Liceum Ogólnokształcące w Zespole Szkół Ogólnokształcących nr 4 im. Ireny Sendlerowej,Stawowa 28,Łódź,Historia PR,1,36,0,471030022
m.Łódź,XLII Liceum Ogólnokształcące w Zespole Szkół Ogólnokształcących nr 4 im. Ireny Sendlerowej,Stawowa 28,Łódź,Język angielski PR,14,39,71,471030022
m.Łódź,XLII Liceum Ogólnokształcące w Zespole Szkół Ogólnokształcących nr 4 im. Ireny Sendlerowej,Stawowa 28,Łódź,Język polski PR,1,32,50,471030022
m.Łódź,XLII Liceum Ogólnokształcące w Zespole Szkół Ogólnokształcących nr 4 im. Ireny Sendlerowej,Stawowa 28,Łódź,Wiedza o społeczeństwie PR,2,15,83,471030022
m.Łódź,Katolickie Liceum Ogólnokształcące  im. O. Anastazego Pankiewicza OO. Bernardynów,Bł. Anastazego Pankiewicza 15,Łódź,Biologia PR,5,33,67,
m.Łódź,Katolickie Liceum Ogólnokształcące  im. O. Anastazego Pankiewicza OO. Bernardynów,Bł. Anastazego Pankiewicza 15,Łódź,Chemia PR,2,11,67,
m.Łódź,Katolickie Liceum Ogólnokształcące  im. O. Anastazego Pankiewicza OO. Bernardynów,Bł. Anastazego Pankiewicza 15,Łódź,Fizyka PR,2,30,0,
m.Łódź,Katolickie Liceum Ogólnokształcące  im. O. Anastazego Pankiewicza OO. Bernardynów,Bł. Anastazego Pankiewicza 15,Łódź,Geografia PR,3,37,22,
m.Łódź,Katolickie Liceum Ogólnokształcące  im. O. Anastazego Pankiewicza OO. Bernardynów,Bł. Anastazego Pankiewicza 15,Łódź,Historia PR,3,50,0,
m.Łódź,Katolickie Liceum Ogólnokształcące  im. O. Anastazego Pankiewicza OO. Bernardynów,Bł. Anastazego Pankiewicza 15,Łódź,Historia sztuki PR,2,90,83,
m.Łódź,Katolickie Liceum Ogólnokształcące  im. O. Anastazego Pankiewicza OO. Bernardynów,Bł. Anastazego Pankiewicza 15,Łódź,Język angielski PR,12,56,33,
m.Łódź,Katolickie Liceum Ogólnokształcące  im. O. Anastazego Pankiewicza OO. Bernardynów,Bł. Anastazego Pankiewicza 15,Łódź,Język polski PR,1,95,0,
m.Łódź,Katolickie Liceum Ogólnokształcące  im. O. Anastazego Pankiewicza OO. Bernardynów,Bł. Anastazego Pankiewicza 15,Łódź,Język rosyjski PR,1,78,0,
m.Łódź,Katolickie Liceum Ogólnokształcące  im. O. Anastazego Pankiewicza OO. Bernardynów,Bł. Anastazego Pankiewicza 15,Łódź,Matematyka PR,4,43,0,
m.Łódź,Ogólnokształcąca Szkoła Baletowa im. Feliksa Parnella,Wrocławska 3/5,Łódź,Biologia PR,2,16,67,000648215
m.Łódź,Ogólnokształcąca Szkoła Baletowa im. Feliksa Parnella,Wrocławska 3/5,Łódź,Język angielski PR,2,46,0,000648215
m.Łódź,Ogólnokształcąca Szkoła Baletowa im. Feliksa Parnella,Wrocławska 3/5,Łódź,Język polski PR,2,56,25,000648215
m.Łódź,Ogólnokształcąca Szkoła Baletowa im. Feliksa Parnella,Wrocławska 3/5,Łódź,Matematyka PR,1,8,0,000648215
m.Łódź,Ogólnokształcąca Szkoła Sztuk Pięknych w Zespole Państwowych Szkół Plastycznych im. T. Makowskiego w Łodzi,Gandhiego 14,Łódź,Chemia PR,1,13,33,
m.Łódź,Ogólnokształcąca Szkoła Sztuk Pięknych w Zespole Państwowych Szkół Plastycznych im. T. Makowskiego w Łodzi,Gandhiego 14,Łódź,Historia PR,6,13,67,
m.Łódź,Ogólnokształcąca Szkoła Sztuk Pięknych w Zespole Państwowych Szkół Plastycznych im. T. Makowskiego w Łodzi,Gandhiego 14,Łódź,Historia sztuki PR,1,46,67,
m.Łódź,Ogólnokształcąca Szkoła Sztuk Pięknych w Zespole Państwowych Szkół Plastycznych im. T. Makowskiego w Łodzi,Gandhiego 14,Łódź,Język angielski PR,8,42,50,
m.Łódź,Ogólnokształcąca Szkoła Sztuk Pięknych w Zespole Państwowych Szkół Plastycznych im. T. Makowskiego w Łodzi,Gandhiego 14,Łódź,Język polski PR,1,0,0,
m.Łódź,Ogólnokształcąca Szkoła Sztuk Pięknych w Zespole Państwowych Szkół Plastycznych im. T. Makowskiego w Łodzi,Gandhiego 14,Łódź,Matematyka PR,3,11,33,
m.Łódź,Ogólnokształcąca Szkoła Sztuk Pięknych w Zespole Państwowych Szkół Plastycznych im. T. Makowskiego w Łodzi,Gandhiego 14,Łódź,Wiedza o społeczeństwie PR,1,15,0,
m.Łódź,Liceum Plastyczne w Zespole Państwowych Szkół Plastycznych im. T. Makowskiego w Łodzi,Gandhiego 14,Łódź,Biologia PR,2,15,83,
m.Łódź,Liceum Plastyczne w Zespole Państwowych Szkół Plastycznych im. T. Makowskiego w Łodzi,Gandhiego 14,Łódź,Historia PR,4,32,50,
m.Łódź,Liceum Plastyczne w Zespole Państwowych Szkół Plastycznych im. T. Makowskiego w Łodzi,Gandhiego 14,Łódź,Historia sztuki PR,6,71,94,
m.Łódź,Liceum Plastyczne w Zespole Państwowych Szkół Plastycznych im. T. Makowskiego w Łodzi,Gandhiego 14,Łódź,Język angielski PR,31,56,26,
m.Łódź,Liceum Plastyczne w Zespole Państwowych Szkół Plastycznych im. T. Makowskiego w Łodzi,Gandhiego 14,Łódź,Język polski PR,21,47,14,
m.Łódź,Liceum Plastyczne w Zespole Państwowych Szkół Plastycznych im. T. Makowskiego w Łodzi,Gandhiego 14,Łódź,Matematyka PR,9,15,56,
m.Łódź,LV Liceum Ogólnokształcące w Zespole Szkół Ponadgimnazjalnych nr 10 im. Jana Szczepanika w Łodzi,Strykowska 10/18,Łódź,Biologia PR,6,8,61,000184046
m.Łódź,LV Liceum Ogólnokształcące w Zespole Szkół Ponadgimnazjalnych nr 10 im. Jana Szczepanika w Łodzi,Strykowska 10/18,Łódź,Chemia PR,5,15,33,000184046
m.Łódź,LV Liceum Ogólnokształcące w Zespole Szkół Ponadgimnazjalnych nr 10 im. Jana Szczepanika w Łodzi,Strykowska 10/18,Łódź,Historia PR,1,14,0,000184046
m.Łódź,LV Liceum Ogólnokształcące w Zespole Szkół Ponadgimnazjalnych nr 10 im. Jana Szczepanika w Łodzi,Strykowska 10/18,Łódź,Język angielski PR,8,37,0,000184046
m.Łódź,LV Liceum Ogólnokształcące w Zespole Szkół Ponadgimnazjalnych nr 10 im. Jana Szczepanika w Łodzi,Strykowska 10/18,Łódź,Język niemiecki PR,1,72,0,000184046
m.Łódź,LV Liceum Ogólnokształcące w Zespole Szkół Ponadgimnazjalnych nr 10 im. Jana Szczepanika w Łodzi,Strykowska 10/18,Łódź,Język polski PR,1,25,0,000184046
m.Łódź,LV Liceum Ogólnokształcące w Zespole Szkół Ponadgimnazjalnych nr 10 im. Jana Szczepanika w Łodzi,Strykowska 10/18,Łódź,Matematyka PR,1,4,0,000184046
m.Łódź,Technikum nr 10 w Zespole Szkół Ponadgimnazjalnych nr 10 im. Jana Szczepanika w Łodzi,Strykowska 10/18,Łódź,Biologia PR,1,16,67,000184046
m.Łódź,Technikum nr 10 w Zespole Szkół Ponadgimnazjalnych nr 10 im. Jana Szczepanika w Łodzi,Strykowska 10/18,Łódź,Fizyka PR,41,48,13,000184046
m.Łódź,Technikum nr 10 w Zespole Szkół Ponadgimnazjalnych nr 10 im. Jana Szczepanika w Łodzi,Strykowska 10/18,Łódź,Historia PR,7,43,14,000184046
m.Łódź,Technikum nr 10 w Zespole Szkół Ponadgimnazjalnych nr 10 im. Jana Szczepanika w Łodzi,Strykowska 10/18,Łódź,Historia sztuki PR,1,70,0,000184046
m.Łódź,Technikum nr 10 w Zespole Szkół Ponadgimnazjalnych nr 10 im. Jana Szczepanika w Łodzi,Strykowska 10/18,Łódź,Informatyka PR,9,36,44,000184046
m.Łódź,Technikum nr 10 w Zespole Szkół Ponadgimnazjalnych nr 10 im. Jana Szczepanika w Łodzi,Strykowska 10/18,Łódź,Język angielski PR,104,66,71,000184046
m.Łódź,Technikum nr 10 w Zespole Szkół Ponadgimnazjalnych nr 10 im. Jana Szczepanika w Łodzi,Strykowska 10/18,Łódź,Język niemiecki PR,2,63,0,000184046
m.Łódź,Technikum nr 10 w Zespole Szkół Ponadgimnazjalnych nr 10 im. Jana Szczepanika w Łodzi,Strykowska 10/18,Łódź,Język polski PR,5,62,50,000184046
m.Łódź,Technikum nr 10 w Zespole Szkół Ponadgimnazjalnych nr 10 im. Jana Szczepanika w Łodzi,Strykowska 10/18,Łódź,Matematyka PR,99,30,75,000184046
m.Łódź,Technikum nr 10 w Zespole Szkół Ponadgimnazjalnych nr 10 im. Jana Szczepanika w Łodzi,Strykowska 10/18,Łódź,Wiedza o społeczeństwie PR,2,23,33,000184046
m.Łódź,Technikum nr 5 w Zespole Szkół Ponadgimnazjalnych nr 5 im. Króla Bolesława Chrobrego w Łodzi,Drewnowska 88,Łódź,Biologia PR,2,8,33,000194837
m.Łódź,Technikum nr 5 w Zespole Szkół Ponadgimnazjalnych nr 5 im. Króla Bolesława Chrobrego w Łodzi,Drewnowska 88,Łódź,Chemia PR,1,5,0,000194837
m.Łódź,Technikum nr 5 w Zespole Szkół Ponadgimnazjalnych nr 5 im. Króla Bolesława Chrobrego w Łodzi,Drewnowska 88,Łódź,Geografia PR,13,34,23,000194837
m.Łódź,Technikum nr 5 w Zespole Szkół Ponadgimnazjalnych nr 5 im. Króla Bolesława Chrobrego w Łodzi,Drewnowska 88,Łódź,Historia PR,2,37,0,000194837
m.Łódź,Technikum nr 5 w Zespole Szkół Ponadgimnazjalnych nr 5 im. Króla Bolesława Chrobrego w Łodzi,Drewnowska 88,Łódź,Język angielski PR,26,40,85,000194837
m.Łódź,Technikum nr 5 w Zespole Szkół Ponadgimnazjalnych nr 5 im. Króla Bolesława Chrobrego w Łodzi,Drewnowska 88,Łódź,Język niemiecki PR,1,32,0,000194837
m.Łódź,Technikum nr 5 w Zespole Szkół Ponadgimnazjalnych nr 5 im. Króla Bolesława Chrobrego w Łodzi,Drewnowska 88,Łódź,Język polski PR,4,42,50,000194837
m.Łódź,Technikum nr 5 w Zespole Szkół Ponadgimnazjalnych nr 5 im. Króla Bolesława Chrobrego w Łodzi,Drewnowska 88,Łódź,Matematyka PR,18,11,78,000194837
m.Łódź,Technikum nr 5 w Zespole Szkół Ponadgimnazjalnych nr 5 im. Króla Bolesława Chrobrego w Łodzi,Drewnowska 88,Łódź,Wiedza o społeczeństwie PR,9,12,4,000194837
m.Łódź,Technikum Przy Łódzkiej Szkole Mody Kosmetologii Fryzjerstwa Anagra,Łanowa 4,Łódź,Biologia PR,11,17,12,101834514
m.Łódź,Technikum Przy Łódzkiej Szkole Mody Kosmetologii Fryzjerstwa Anagra,Łanowa 4,Łódź,Historia PR,1,6,0,101834514
m.Łódź,Technikum Przy Łódzkiej Szkole Mody Kosmetologii Fryzjerstwa Anagra,Łanowa 4,Łódź,Język angielski PR,31,28,39,101834514
m.Łódź,Technikum Przy Łódzkiej Szkole Mody Kosmetologii Fryzjerstwa Anagra,Łanowa 4,Łódź,Język polski PR,2,50,0,101834514
m.Łódź,Technikum Projektowania Mody Przy Łódzkiej Szkole Mody Kosmetologii Fryzjerstwa Anagra,Łanowa 4,Łódź,Historia PR,3,10,0,101834514
m.Łódź,Technikum Projektowania Mody Przy Łódzkiej Szkole Mody Kosmetologii Fryzjerstwa Anagra,Łanowa 4,Łódź,Język angielski PR,3,18,0,101834514
m.Łódź,Technikum nr 17 w Zespole Szkół Techniczno-Informatycznych im. Jana Nowaka-Jeziorańskiego w Łodzi,al.Politechniki 37,Łódź,Biologia PR,1,51,67,
m.Łódź,Technikum nr 17 w Zespole Szkół Techniczno-Informatycznych im. Jana Nowaka-Jeziorańskiego w Łodzi,al.Politechniki 37,Łódź,Fizyka PR,15,34,11,
m.Łódź,Technikum nr 17 w Zespole Szkół Techniczno-Informatycznych im. Jana Nowaka-Jeziorańskiego w Łodzi,al.Politechniki 37,Łódź,Informatyka PR,3,21,33,
m.Łódź,Technikum nr 17 w Zespole Szkół Techniczno-Informatycznych im. Jana Nowaka-Jeziorańskiego w Łodzi,al.Politechniki 37,Łódź,Język angielski PR,49,47,31,
m.Łódź,Technikum nr 17 w Zespole Szkół Techniczno-Informatycznych im. Jana Nowaka-Jeziorańskiego w Łodzi,al.Politechniki 37,Łódź,Język niemiecki PR,3,40,67,
m.Łódź,Technikum nr 17 w Zespole Szkół Techniczno-Informatycznych im. Jana Nowaka-Jeziorańskiego w Łodzi,al.Politechniki 37,Łódź,Matematyka PR,34,20,82,
m.Łódź,Technikum nr 9 w Zespole Szkół Ponadgimnazjalnych nr 9 w Łodzi,al. Politechniki 38,Łódź,Fizyka PR,20,26,8,
m.Łódź,Technikum nr 9 w Zespole Szkół Ponadgimnazjalnych nr 9 w Łodzi,al. Politechniki 38,Łódź,Geografia PR,7,20,24,
m.Łódź,Technikum nr 9 w Zespole Szkół Ponadgimnazjalnych nr 9 w Łodzi,al. Politechniki 38,Łódź,Historia PR,1,32,0,
m.Łódź,Technikum nr 9 w Zespole Szkół Ponadgimnazjalnych nr 9 w Łodzi,al. Politechniki 38,Łódź,Informatyka PR,7,41,71,
m.Łódź,Technikum nr 9 w Zespole Szkół Ponadgimnazjalnych nr 9 w Łodzi,al. Politechniki 38,Łódź,Język angielski PR,86,50,88,
m.Łódź,Technikum nr 9 w Zespole Szkół Ponadgimnazjalnych nr 9 w Łodzi,al. Politechniki 38,Łódź,Język niemiecki PR,1,40,0,
m.Łódź,Technikum nr 9 w Zespole Szkół Ponadgimnazjalnych nr 9 w Łodzi,al. Politechniki 38,Łódź,Język polski PR,3,51,67,
m.Łódź,Technikum nr 9 w Zespole Szkół Ponadgimnazjalnych nr 9 w Łodzi,al. Politechniki 38,Łódź,Matematyka PR,64,20,56,
m.Łódź,XXXI Liceum Ogólnokształcące im. Ludwika Zamenhofa w Łodzi,Konspiracyjnego Wojska Polskiego 5b,Łódź,Biologia PR,45,56,74,000217403
m.Łódź,XXXI Liceum Ogólnokształcące im. Ludwika Zamenhofa w Łodzi,Konspiracyjnego Wojska Polskiego 5b,Łódź,Chemia PR,51,45,10,000217403
m.Łódź,XXXI Liceum Ogólnokształcące im. Ludwika Zamenhofa w Łodzi,Konspiracyjnego Wojska Polskiego 5b,Łódź,Filozofia PR,3,73,33,000217403
m.Łódź,XXXI Liceum Ogólnokształcące im. Ludwika Zamenhofa w Łodzi,Konspiracyjnego Wojska Polskiego 5b,Łódź,Fizyka PR,30,60,61,000217403
m.Łódź,XXXI Liceum Ogólnokształcące im. Ludwika Zamenhofa w Łodzi,Konspiracyjnego Wojska Polskiego 5b,Łódź,Geografia PR,37,58,33,000217403
m.Łódź,XXXI Liceum Ogólnokształcące im. Ludwika Zamenhofa w Łodzi,Konspiracyjnego Wojska Polskiego 5b,Łódź,Historia PR,15,51,73,000217403
m.Łódź,XXXI Liceum Ogólnokształcące im. Ludwika Zamenhofa w Łodzi,Konspiracyjnego Wojska Polskiego 5b,Łódź,Historia sztuki PR,4,45,0,000217403
m.Łódź,XXXI Liceum Ogólnokształcące im. Ludwika Zamenhofa w Łodzi,Konspiracyjnego Wojska Polskiego 5b,Łódź,Informatyka PR,14,58,14,000217403
m.Łódź,XXXI Liceum Ogólnokształcące im. Ludwika Zamenhofa w Łodzi,Konspiracyjnego Wojska Polskiego 5b,Łódź,Język angielski PR,142,79,77,000217403
m.Łódź,XXXI Liceum Ogólnokształcące im. Ludwika Zamenhofa w Łodzi,Konspiracyjnego Wojska Polskiego 5b,Łódź,Język francuski PR,2,86,0,000217403
m.Łódź,XXXI Liceum Ogólnokształcące im. Ludwika Zamenhofa w Łodzi,Konspiracyjnego Wojska Polskiego 5b,Łódź,Język niemiecki PR,4,69,50,000217403
m.Łódź,XXXI Liceum Ogólnokształcące im. Ludwika Zamenhofa w Łodzi,Konspiracyjnego Wojska Polskiego 5b,Łódź,Język polski PR,35,80,36,000217403
m.Łódź,XXXI Liceum Ogólnokształcące im. Ludwika Zamenhofa w Łodzi,Konspiracyjnego Wojska Polskiego 5b,Łódź,Matematyka PR,75,56,56,000217403
m.Łódź,Liceum Ogólnokształcące MIKRON,Piękna 30/32,łódź,Biologia PR,1,46,67,101482268
m.Łódź,Liceum Ogólnokształcące MIKRON,Piękna 30/32,łódź,Geografia PR,1,65,0,101482268
m.Łódź,Liceum Ogólnokształcące MIKRON,Piękna 30/32,łódź,Historia PR,2,46,0,101482268
m.Łódź,Liceum Ogólnokształcące MIKRON,Piękna 30/32,łódź,Język angielski PR,3,84,0,101482268
m.Łódź,Liceum Ogólnokształcące MIKRON,Piękna 30/32,łódź,Język polski PR,1,95,0,101482268
m.Łódź,Liceum Ogólnokształcące MIKRON,Piękna 30/32,łódź,Matematyka PR,1,40,0,101482268
m.Łódź,Liceum Ogólnokształcące MIKRON,Piękna 30/32,łódź,Wiedza o społeczeństwie PR,1,16,67,101482268
m.Łódź,Technikum nr 22 im.gen. S. Maczka w Zespole Szkół Samochodowych i Mechatronicznych w Łodzi,Przybyszewskiego 73/75,Łódź,Fizyka PR,7,14,5,100567985
m.Łódź,Technikum nr 22 im.gen. S. Maczka w Zespole Szkół Samochodowych i Mechatronicznych w Łodzi,Przybyszewskiego 73/75,Łódź,Geografia PR,4,12,92,100567985
m.Łódź,Technikum nr 22 im.gen. S. Maczka w Zespole Szkół Samochodowych i Mechatronicznych w Łodzi,Przybyszewskiego 73/75,Łódź,Historia PR,1,12,0,100567985
m.Łódź,Technikum nr 22 im.gen. S. Maczka w Zespole Szkół Samochodowych i Mechatronicznych w Łodzi,Przybyszewskiego 73/75,Łódź,Język angielski PR,23,22,87,100567985
m.Łódź,Technikum nr 22 im.gen. S. Maczka w Zespole Szkół Samochodowych i Mechatronicznych w Łodzi,Przybyszewskiego 73/75,Łódź,Matematyka PR,7,4,0,100567985
m.Łódź,XX Liceum Ogólnokształcące im. Juliusza Słowackiego w Łodzi,Obywatelska 57,Łódź,Biologia PR,11,21,67,000217047
m.Łódź,XX Liceum Ogólnokształcące im. Juliusza Słowackiego w Łodzi,Obywatelska 57,Łódź,Chemia PR,11,17,12,000217047
m.Łódź,XX Liceum Ogólnokształcące im. Juliusza Słowackiego w Łodzi,Obywatelska 57,Łódź,Geografia PR,10,30,33,000217047
m.Łódź,XX Liceum Ogólnokształcące im. Juliusza Słowackiego w Łodzi,Obywatelska 57,Łódź,Historia PR,5,25,60,000217047
m.Łódź,XX Liceum Ogólnokształcące im. Juliusza Słowackiego w Łodzi,Obywatelska 57,Łódź,Historia sztuki PR,3,0,56,000217047
m.Łódź,XX Liceum Ogólnokształcące im. Juliusza Słowackiego w Łodzi,Obywatelska 57,Łódź,Język angielski PR,47,49,28,000217047
m.Łódź,XX Liceum Ogólnokształcące im. Juliusza Słowackiego w Łodzi,Obywatelska 57,Łódź,Język niemiecki PR,3,50,0,000217047
m.Łódź,XX Liceum Ogólnokształcące im. Juliusza Słowackiego w Łodzi,Obywatelska 57,Łódź,Język polski PR,31,51,53,000217047
m.Łódź,XX Liceum Ogólnokształcące im. Juliusza Słowackiego w Łodzi,Obywatelska 57,Łódź,Język rosyjski PR,1,84,0,000217047
m.Łódź,XX Liceum Ogólnokształcące im. Juliusza Słowackiego w Łodzi,Obywatelska 57,Łódź,Matematyka PR,1,30,0,000217047
m.Łódź,Technikum nr 2 w Zespole Szkół Ekonomii i Usług,Astronautów 19,Łódź,Geografia PR,54,26,33,000182159
m.Łódź,Technikum nr 2 w Zespole Szkół Ekonomii i Usług,Astronautów 19,Łódź,Historia PR,2,24,0,000182159
m.Łódź,Technikum nr 2 w Zespole Szkół Ekonomii i Usług,Astronautów 19,Łódź,Język angielski PR,47,52,34,000182159
m.Łódź,Technikum nr 2 w Zespole Szkół Ekonomii i Usług,Astronautów 19,Łódź,Język hiszpański PR,1,54,0,000182159
m.Łódź,Technikum nr 2 w Zespole Szkół Ekonomii i Usług,Astronautów 19,Łódź,Język niemiecki PR,2,59,0,000182159
m.Łódź,Technikum nr 2 w Zespole Szkół Ekonomii i Usług,Astronautów 19,Łódź,Język polski PR,11,67,5,000182159
m.Łódź,Technikum nr 2 w Zespole Szkół Ekonomii i Usług,Astronautów 19,Łódź,Matematyka PR,5,28,40,000182159
m.Łódź,Technikum nr 2 w Zespole Szkół Ekonomii i Usług,Astronautów 19,Łódź,Wiedza o społeczeństwie PR,1,28,33,000182159
m.Łódź,VI Liceum Ogólnokształcące im. Joachima Lelewela,Podmiejska 21,Łódź,Biologia PR,3,25,0,000931974
m.Łódź,VI Liceum Ogólnokształcące im. Joachima Lelewela,Podmiejska 21,Łódź,Geografia PR,18,30,19,000931974
m.Łódź,VI Liceum Ogólnokształcące im. Joachima Lelewela,Podmiejska 21,Łódź,Historia PR,9,34,0,000931974
m.Łódź,VI Liceum Ogólnokształcące im. Joachima Lelewela,Podmiejska 21,Łódź,Historia sztuki PR,2,29,17,000931974
m.Łódź,VI Liceum Ogólnokształcące im. Joachima Lelewela,Podmiejska 21,Łódź,Język angielski PR,36,53,72,000931974
m.Łódź,VI Liceum Ogólnokształcące im. Joachima Lelewela,Podmiejska 21,Łódź,Język polski PR,45,53,33,000931974
m.Łódź,VI Liceum Ogólnokształcące im. Joachima Lelewela,Podmiejska 21,Łódź,Język rosyjski PR,1,22,0,000931974
m.Łódź,VI Liceum Ogólnokształcące im. Joachima Lelewela,Podmiejska 21,Łódź,Matematyka PR,1,28,0,000931974
m.Łódź,VI Liceum Ogólnokształcące im. Joachima Lelewela,Podmiejska 21,Łódź,Wiedza o społeczeństwie PR,4,15,42,000931974
m.Łódź,XXV Liceum Ogólnokształcące im. Stefana Zeromskiego,Podhalańska 2 A,Łódź,Biologia PR,33,32,42,
m.Łódź,XXV Liceum Ogólnokształcące im. Stefana Zeromskiego,Podhalańska 2 A,Łódź,Chemia PR,24,22,29,
m.Łódź,XXV Liceum Ogólnokształcące im. Stefana Zeromskiego,Podhalańska 2 A,Łódź,Fizyka PR,28,48,51,
m.Łódź,XXV Liceum Ogólnokształcące im. Stefana Zeromskiego,Podhalańska 2 A,Łódź,Geografia PR,36,35,97,
m.Łódź,XXV Liceum Ogólnokształcące im. Stefana Zeromskiego,Podhalańska 2 A,Łódź,Historia PR,22,35,0,
m.Łódź,XXV Liceum Ogólnokształcące im. Stefana Zeromskiego,Podhalańska 2 A,Łódź,Język angielski PR,121,70,50,
m.Łódź,XXV Liceum Ogólnokształcące im. Stefana Zeromskiego,Podhalańska 2 A,Łódź,Język hiszpański PR,2,30,0,
m.Łódź,XXV Liceum Ogólnokształcące im. Stefana Zeromskiego,Podhalańska 2 A,Łódź,Język niemiecki PR,3,48,0,
m.Łódź,XXV Liceum Ogólnokształcące im. Stefana Zeromskiego,Podhalańska 2 A,Łódź,Język polski PR,61,66,68,
m.Łódź,XXV Liceum Ogólnokształcące im. Stefana Zeromskiego,Podhalańska 2 A,Łódź,Język rosyjski PR,1,80,0,
m.Łódź,XXV Liceum Ogólnokształcące im. Stefana Zeromskiego,Podhalańska 2 A,Łódź,Matematyka PR,64,40,44,
m.Łódź,XXV Liceum Ogólnokształcące im. Stefana Zeromskiego,Podhalańska 2 A,Łódź,Wiedza o społeczeństwie PR,6,28,33,
m.Łódź,IX Liceum Ogólnokształcące im. Jarosława Dąbrowskiego w Łodzi,Paderewskiego 24,Łódź,Biologia PR,10,29,33,000216674
m.Łódź,IX Liceum Ogólnokształcące im. Jarosława Dąbrowskiego w Łodzi,Paderewskiego 24,Łódź,Chemia PR,9,25,74,000216674
m.Łódź,IX Liceum Ogólnokształcące im. Jarosława Dąbrowskiego w Łodzi,Paderewskiego 24,Łódź,Filozofia PR,5,5,20,000216674
m.Łódź,IX Liceum Ogólnokształcące im. Jarosława Dąbrowskiego w Łodzi,Paderewskiego 24,Łódź,Fizyka PR,1,5,0,000216674
m.Łódź,IX Liceum Ogólnokształcące im. Jarosława Dąbrowskiego w Łodzi,Paderewskiego 24,Łódź,Geografia PR,28,27,2,000216674
m.Łódź,IX Liceum Ogólnokształcące im. Jarosława Dąbrowskiego w Łodzi,Paderewskiego 24,Łódź,Historia PR,1,64,0,000216674
m.Łódź,IX Liceum Ogólnokształcące im. Jarosława Dąbrowskiego w Łodzi,Paderewskiego 24,Łódź,Język angielski PR,44,59,91,000216674
m.Łódź,IX Liceum Ogólnokształcące im. Jarosława Dąbrowskiego w Łodzi,Paderewskiego 24,Łódź,Język hiszpański PR,1,62,0,000216674
m.Łódź,IX Liceum Ogólnokształcące im. Jarosława Dąbrowskiego w Łodzi,Paderewskiego 24,Łódź,Język niemiecki PR,3,40,0,000216674
m.Łódź,IX Liceum Ogólnokształcące im. Jarosława Dąbrowskiego w Łodzi,Paderewskiego 24,Łódź,Język polski PR,34,43,24,000216674
m.Łódź,IX Liceum Ogólnokształcące im. Jarosława Dąbrowskiego w Łodzi,Paderewskiego 24,Łódź,Język rosyjski PR,1,40,0,000216674
m.Łódź,IX Liceum Ogólnokształcące im. Jarosława Dąbrowskiego w Łodzi,Paderewskiego 24,Łódź,Matematyka PR,13,30,31,000216674
m.Łódź,IX Liceum Ogólnokształcące im. Jarosława Dąbrowskiego w Łodzi,Paderewskiego 24,Łódź,Wiedza o społeczeństwie PR,12,38,19,000216674
m.Łódź,Technikum nr 12  im. Bł.Matki Teresy z Kalkuty w Zespole Szkół Przemysłu Mody w Łodzi,Adama Naruszewicza 35,Łódź,Biologia PR,8,12,50,000185086
m.Łódź,Technikum nr 12  im. Bł.Matki Teresy z Kalkuty w Zespole Szkół Przemysłu Mody w Łodzi,Adama Naruszewicza 35,Łódź,Geografia PR,19,21,14,000185086
m.Łódź,Technikum nr 12  im. Bł.Matki Teresy z Kalkuty w Zespole Szkół Przemysłu Mody w Łodzi,Adama Naruszewicza 35,Łódź,Język angielski PR,19,42,95,000185086
m.Łódź,Technikum nr 12  im. Bł.Matki Teresy z Kalkuty w Zespole Szkół Przemysłu Mody w Łodzi,Adama Naruszewicza 35,Łódź,Język polski PR,9,53,33,000185086
m.Łódź,Technikum nr 12  im. Bł.Matki Teresy z Kalkuty w Zespole Szkół Przemysłu Mody w Łodzi,Adama Naruszewicza 35,Łódź,Wiedza o społeczeństwie PR,6,9,72,000185086
m.Łódź,Ogólnokształcąca Szkoła Muzyczna I i II Stopnia im. Henryka Wieniawskiego w Łodzi,ul. Sosnowa 9,Łódź,Geografia PR,3,46,11,
m.Łódź,Ogólnokształcąca Szkoła Muzyczna I i II Stopnia im. Henryka Wieniawskiego w Łodzi,ul. Sosnowa 9,Łódź,Historia muzyki PR,6,72,22,
m.Łódź,Ogólnokształcąca Szkoła Muzyczna I i II Stopnia im. Henryka Wieniawskiego w Łodzi,ul. Sosnowa 9,Łódź,Historia PR,7,18,29,
m.Łódź,Ogólnokształcąca Szkoła Muzyczna I i II Stopnia im. Henryka Wieniawskiego w Łodzi,ul. Sosnowa 9,Łódź,Historia sztuki PR,2,62,50,
m.Łódź,Ogólnokształcąca Szkoła Muzyczna I i II Stopnia im. Henryka Wieniawskiego w Łodzi,ul. Sosnowa 9,Łódź,Język angielski PR,18,69,33,
m.Łódź,Ogólnokształcąca Szkoła Muzyczna I i II Stopnia im. Henryka Wieniawskiego w Łodzi,ul. Sosnowa 9,Łódź,Język niemiecki PR,1,94,0,
m.Łódź,Ogólnokształcąca Szkoła Muzyczna I i II Stopnia im. Henryka Wieniawskiego w Łodzi,ul. Sosnowa 9,Łódź,Język polski PR,17,61,3,
m.Łódź,Ogólnokształcąca Szkoła Muzyczna I i II Stopnia im. Henryka Wieniawskiego w Łodzi,ul. Sosnowa 9,Łódź,Matematyka PR,6,26,33,
m.Łódź,XLIII Liceum Ogólnokształcące w Zespole Szkół Ogólnokształcących nr 5 im. Juliana Tuwima w Łodzi,Królewska 13/15,Łódź,Biologia PR,5,15,33,471029941
m.Łódź,XLIII Liceum Ogólnokształcące w Zespole Szkół Ogólnokształcących nr 5 im. Juliana Tuwima w Łodzi,Królewska 13/15,Łódź,Chemia PR,1,6,67,471029941
m.Łódź,XLIII Liceum Ogólnokształcące w Zespole Szkół Ogólnokształcących nr 5 im. Juliana Tuwima w Łodzi,Królewska 13/15,Łódź,Geografia PR,8,17,71,471029941
m.Łódź,XLIII Liceum Ogólnokształcące w Zespole Szkół Ogólnokształcących nr 5 im. Juliana Tuwima w Łodzi,Królewska 13/15,Łódź,Historia PR,2,31,0,471029941
m.Łódź,XLIII Liceum Ogólnokształcące w Zespole Szkół Ogólnokształcących nr 5 im. Juliana Tuwima w Łodzi,Królewska 13/15,Łódź,Język angielski PR,11,41,9,471029941
m.Łódź,XLIII Liceum Ogólnokształcące w Zespole Szkół Ogólnokształcących nr 5 im. Juliana Tuwima w Łodzi,Królewska 13/15,Łódź,Język niemiecki PR,2,65,0,471029941
m.Łódź,XLIII Liceum Ogólnokształcące w Zespole Szkół Ogólnokształcących nr 5 im. Juliana Tuwima w Łodzi,Królewska 13/15,Łódź,Język polski PR,8,20,0,471029941
m.Łódź,XLIII Liceum Ogólnokształcące w Zespole Szkół Ogólnokształcących nr 5 im. Juliana Tuwima w Łodzi,Królewska 13/15,Łódź,Język rosyjski PR,1,86,0,471029941
m.Łódź,XLIII Liceum Ogólnokształcące w Zespole Szkół Ogólnokształcących nr 5 im. Juliana Tuwima w Łodzi,Królewska 13/15,Łódź,Matematyka PR,1,0,0,471029941
m.Łódź,XLIV Liceum Ogólnokształcące w Łodzi,Wacława 22/24,Łódź,Biologia PR,14,18,69,471029993
m.Łódź,XLIV Liceum Ogólnokształcące w Łodzi,Wacława 22/24,Łódź,Chemia PR,1,28,33,471029993
m.Łódź,XLIV Liceum Ogólnokształcące w Łodzi,Wacława 22/24,Łódź,Geografia PR,4,24,17,471029993
m.Łódź,XLIV Liceum Ogólnokształcące w Łodzi,Wacława 22/24,Łódź,Historia PR,13,23,23,471029993
m.Łódź,XLIV Liceum Ogólnokształcące w Łodzi,Wacława 22/24,Łódź,Informatyka PR,1,2,0,471029993
m.Łódź,XLIV Liceum Ogólnokształcące w Łodzi,Wacława 22/24,Łódź,Język angielski PR,34,55,6,471029993
m.Łódź,XLIV Liceum Ogólnokształcące w Łodzi,Wacława 22/24,Łódź,Język francuski PR,1,56,0,471029993
m.Łódź,XLIV Liceum Ogólnokształcące w Łodzi,Wacława 22/24,Łódź,Język niemiecki PR,2,26,0,471029993
m.Łódź,XLIV Liceum Ogólnokształcące w Łodzi,Wacława 22/24,Łódź,Język polski PR,34,36,84,471029993
m.Łódź,XLIV Liceum Ogólnokształcące w Łodzi,Wacława 22/24,Łódź,Matematyka PR,4,15,0,471029993
m.Łódź,XLIV Liceum Ogólnokształcące w Łodzi,Wacława 22/24,Łódź,Wiedza o społeczeństwie PR,4,18,75,471029993
m.Łódź,Szkoła Mistrzostwa Sportowego im.Kazimierza Górskiego Liceum Ogólnokształcące w Łodzi,Milionowa 12,Łódź,Biologia PR,15,12,22,101481760
m.Łódź,Szkoła Mistrzostwa Sportowego im.Kazimierza Górskiego Liceum Ogólnokształcące w Łodzi,Milionowa 12,Łódź,Chemia PR,1,3,33,101481760
m.Łódź,Szkoła Mistrzostwa Sportowego im.Kazimierza Górskiego Liceum Ogólnokształcące w Łodzi,Milionowa 12,Łódź,Geografia PR,23,17,68,101481760
m.Łódź,Szkoła Mistrzostwa Sportowego im.Kazimierza Górskiego Liceum Ogólnokształcące w Łodzi,Milionowa 12,Łódź,Język angielski PR,14,37,29,101481760
m.Łódź,Szkoła Mistrzostwa Sportowego im.Kazimierza Górskiego Liceum Ogólnokształcące w Łodzi,Milionowa 12,Łódź,Język polski PR,3,56,67,101481760
m.Łódź,Szkoła Mistrzostwa Sportowego im.Kazimierza Górskiego Liceum Ogólnokształcące w Łodzi,Milionowa 12,Łódź,Matematyka PR,2,11,0,101481760
m.Łódź,Liceum Ogólnokształcące dla Dorosłych,Piłsudskiego 135,ŁÓDŹ,Chemia PR,1,5,0,360997098
m.Łódź,Liceum Ogólnokształcące dla Dorosłych,Piłsudskiego 135,ŁÓDŹ,Geografia PR,1,10,0,360997098
m.Łódź,Liceum Ogólnokształcące dla Dorosłych,Piłsudskiego 135,ŁÓDŹ,Język angielski PR,1,70,0,360997098
m.Łódź,Katolickie Liceum Ogólnokształcące im. Świętej Matki Teresy z Kalkuty Stowarzyszenia Przyjaciół Szkół Katolickich w Łodzi,Nałkowskiej 2,Łódź,Biologia PR,3,26,11,021961803
m.Łódź,Katolickie Liceum Ogólnokształcące im. Świętej Matki Teresy z Kalkuty Stowarzyszenia Przyjaciół Szkół Katolickich w Łodzi,Nałkowskiej 2,Łódź,Chemia PR,2,48,33,021961803
m.Łódź,Katolickie Liceum Ogólnokształcące im. Świętej Matki Teresy z Kalkuty Stowarzyszenia Przyjaciół Szkół Katolickich w Łodzi,Nałkowskiej 2,Łódź,Geografia PR,2,15,0,021961803
m.Łódź,Katolickie Liceum Ogólnokształcące im. Świętej Matki Teresy z Kalkuty Stowarzyszenia Przyjaciół Szkół Katolickich w Łodzi,Nałkowskiej 2,Łódź,Historia PR,1,58,0,021961803
m.Łódź,Katolickie Liceum Ogólnokształcące im. Świętej Matki Teresy z Kalkuty Stowarzyszenia Przyjaciół Szkół Katolickich w Łodzi,Nałkowskiej 2,Łódź,Język angielski PR,3,53,33,021961803
m.Łódź,Katolickie Liceum Ogólnokształcące im. Świętej Matki Teresy z Kalkuty Stowarzyszenia Przyjaciół Szkół Katolickich w Łodzi,Nałkowskiej 2,Łódź,Język polski PR,4,58,13,021961803
m.Łódź,Katolickie Liceum Ogólnokształcące im. Świętej Matki Teresy z Kalkuty Stowarzyszenia Przyjaciół Szkół Katolickich w Łodzi,Nałkowskiej 2,Łódź,Matematyka PR,1,26,0,021961803
m.Łódź,Katolickie Liceum Ogólnokształcące im. Świętej Matki Teresy z Kalkuty Stowarzyszenia Przyjaciół Szkół Katolickich w Łodzi,Nałkowskiej 2,Łódź,Wiedza o społeczeństwie PR,1,21,67,021961803
m.Łódź,Szkoła Mistrzostwa Sportowego Liceum Ogólnokształcące Marcina Gortata w Łodzi,Kadłubka 33,Łódź,Biologia PR,15,14,11,101482742
m.Łódź,Szkoła Mistrzostwa Sportowego Liceum Ogólnokształcące Marcina Gortata w Łodzi,Kadłubka 33,Łódź,Fizyka PR,1,30,0,101482742
m.Łódź,Szkoła Mistrzostwa Sportowego Liceum Ogólnokształcące Marcina Gortata w Łodzi,Kadłubka 33,Łódź,Geografia PR,11,24,39,101482742
m.Łódź,Szkoła Mistrzostwa Sportowego Liceum Ogólnokształcące Marcina Gortata w Łodzi,Kadłubka 33,Łódź,Historia PR,1,54,0,101482742
m.Łódź,Szkoła Mistrzostwa Sportowego Liceum Ogólnokształcące Marcina Gortata w Łodzi,Kadłubka 33,Łódź,Język angielski PR,17,45,29,101482742
m.Łódź,Szkoła Mistrzostwa Sportowego Liceum Ogólnokształcące Marcina Gortata w Łodzi,Kadłubka 33,Łódź,Język polski PR,11,39,9,101482742
m.Łódź,Szkoła Mistrzostwa Sportowego Liceum Ogólnokształcące Marcina Gortata w Łodzi,Kadłubka 33,Łódź,Matematyka PR,4,7,50,101482742
m.Łódź,Szkoła Mistrzostwa Sportowego Liceum Ogólnokształcące Marcina Gortata w Łodzi,Kadłubka 33,Łódź,Wiedza o społeczeństwie PR,2,13,33,101482742
m.Łódź,Liceum Ogólnokształcące Sportowo - Mundurowe Centrum Edukacji Oświatowiec w Łodzi,Piotrkowska 276C,Łódź,Biologia PR,1,10,0,
m.Łódź,Liceum Ogólnokształcące Sportowo - Mundurowe Centrum Edukacji Oświatowiec w Łodzi,Piotrkowska 276C,Łódź,Geografia PR,3,16,67,
m.Łódź,Liceum Ogólnokształcące Sportowo - Mundurowe Centrum Edukacji Oświatowiec w Łodzi,Piotrkowska 276C,Łódź,Historia PR,3,20,0,
m.Łódź,Liceum Ogólnokształcące Sportowo - Mundurowe Centrum Edukacji Oświatowiec w Łodzi,Piotrkowska 276C,Łódź,Język angielski PR,9,26,22,
m.Łódź,Liceum Ogólnokształcące Sportowo - Mundurowe Centrum Edukacji Oświatowiec w Łodzi,Piotrkowska 276C,Łódź,Język polski PR,7,37,14,
m.Łódź,Liceum Ogólnokształcące Sportowo - Mundurowe Centrum Edukacji Oświatowiec w Łodzi,Piotrkowska 276C,Łódź,Matematyka PR,2,9,0,
m.Łódź,Liceum Ogólnokształcące Sportowo - Mundurowe Centrum Edukacji Oświatowiec w Łodzi,Piotrkowska 276C,Łódź,Wiedza o społeczeństwie PR,1,20,0,
m.Łódź,Społeczne Liceum Ogólnokształcące,Rajdowa 13,Łódź,Biologia PR,6,27,22,101480430
m.Łódź,Społeczne Liceum Ogólnokształcące,Rajdowa 13,Łódź,Geografia PR,7,20,24,101480430
m.Łódź,Społeczne Liceum Ogólnokształcące,Rajdowa 13,Łódź,Historia PR,2,25,0,101480430
m.Łódź,Społeczne Liceum Ogólnokształcące,Rajdowa 13,Łódź,Język angielski PR,22,47,73,101480430
m.Łódź,Społeczne Liceum Ogólnokształcące,Rajdowa 13,Łódź,Język francuski PR,1,26,0,101480430
m.Łódź,Społeczne Liceum Ogólnokształcące,Rajdowa 13,Łódź,Język polski PR,13,52,12,101480430
m.Łódź,Społeczne Liceum Ogólnokształcące,Rajdowa 13,Łódź,Matematyka PR,6,9,67,101480430
m.Łódź,XXXIII Liceum Ogólnokształcące im. Armii Krajowej,Kusocińskiego 116,Łódź,Biologia PR,32,31,93,000731206
m.Łódź,XXXIII Liceum Ogólnokształcące im. Armii Krajowej,Kusocińskiego 116,Łódź,Chemia PR,21,27,94,000731206
m.Łódź,XXXIII Liceum Ogólnokształcące im. Armii Krajowej,Kusocińskiego 116,Łódź,Fizyka PR,13,42,69,000731206
m.Łódź,XXXIII Liceum Ogólnokształcące im. Armii Krajowej,Kusocińskiego 116,Łódź,Geografia PR,35,43,33,000731206
m.Łódź,XXXIII Liceum Ogólnokształcące im. Armii Krajowej,Kusocińskiego 116,Łódź,Historia muzyki PR,1,15,0,000731206
m.Łódź,XXXIII Liceum Ogólnokształcące im. Armii Krajowej,Kusocińskiego 116,Łódź,Historia PR,4,47,0,000731206
m.Łódź,XXXIII Liceum Ogólnokształcące im. Armii Krajowej,Kusocińskiego 116,Łódź,Informatyka PR,1,58,0,000731206
m.Łódź,XXXIII Liceum Ogólnokształcące im. Armii Krajowej,Kusocińskiego 116,Łódź,Język angielski PR,99,63,37,000731206
m.Łódź,XXXIII Liceum Ogólnokształcące im. Armii Krajowej,Kusocińskiego 116,Łódź,Język hiszpański PR,1,34,0,000731206
m.Łódź,XXXIII Liceum Ogólnokształcące im. Armii Krajowej,Kusocińskiego 116,Łódź,Język polski PR,34,57,13,000731206
m.Łódź,XXXIII Liceum Ogólnokształcące im. Armii Krajowej,Kusocińskiego 116,Łódź,Matematyka PR,49,41,92,000731206
m.Łódź,XXXIII Liceum Ogólnokształcące im. Armii Krajowej,Kusocińskiego 116,Łódź,Wiedza o społeczeństwie PR,3,52,22,000731206
m.Łódź,Liceum Ogólnokształcące Jolanty i Jana Misiaków w Łodzi, al. Wyszyńskiego 44,Wyszyńskiego 44,Łódź,Biologia PR,2,22,50,
m.Łódź,Liceum Ogólnokształcące Jolanty i Jana Misiaków w Łodzi, al. Wyszyńskiego 44,Wyszyńskiego 44,Łódź,Fizyka PR,1,26,67,
m.Łódź,Liceum Ogólnokształcące Jolanty i Jana Misiaków w Łodzi, al. Wyszyńskiego 44,Wyszyńskiego 44,Łódź,Geografia PR,5,13,67,
m.Łódź,Liceum Ogólnokształcące Jolanty i Jana Misiaków w Łodzi, al. Wyszyńskiego 44,Wyszyńskiego 44,Łódź,Język angielski PR,8,51,50,
m.Łódź,Liceum Ogólnokształcące Jolanty i Jana Misiaków w Łodzi, al. Wyszyńskiego 44,Wyszyńskiego 44,Łódź,Język niemiecki PR,1,94,0,
m.Łódź,Liceum Ogólnokształcące Jolanty i Jana Misiaków w Łodzi, al. Wyszyńskiego 44,Wyszyńskiego 44,Łódź,Język polski PR,1,65,0,
m.Łódź,Liceum Ogólnokształcące Jolanty i Jana Misiaków w Łodzi, al. Wyszyńskiego 44,Wyszyńskiego 44,Łódź,Matematyka PR,2,38,0,
m.Łódź,XXXIV LICEUM OGÓLNOKSZTAŁCĄCE IM. KRZYSZTOFA KIEŚLOWSKIEGO W Łodzi,UL. WAPIENNA 17,ŁÓDŹ,Biologia PR,1,26,67,
m.Łódź,XXXIV LICEUM OGÓLNOKSZTAŁCĄCE IM. KRZYSZTOFA KIEŚLOWSKIEGO W Łodzi,UL. WAPIENNA 17,ŁÓDŹ,Historia PR,5,19,20,
m.Łódź,XXXIV LICEUM OGÓLNOKSZTAŁCĄCE IM. KRZYSZTOFA KIEŚLOWSKIEGO W Łodzi,UL. WAPIENNA 17,ŁÓDŹ,Język angielski PR,9,46,67,
m.Łódź,XXXIV LICEUM OGÓLNOKSZTAŁCĄCE IM. KRZYSZTOFA KIEŚLOWSKIEGO W Łodzi,UL. WAPIENNA 17,ŁÓDŹ,Język polski PR,8,47,50,
m.Łódź,XXXIV LICEUM OGÓLNOKSZTAŁCĄCE IM. KRZYSZTOFA KIEŚLOWSKIEGO W Łodzi,UL. WAPIENNA 17,ŁÓDŹ,Język rosyjski PR,1,98,0,
m.Łódź,XXXIV LICEUM OGÓLNOKSZTAŁCĄCE IM. KRZYSZTOFA KIEŚLOWSKIEGO W Łodzi,UL. WAPIENNA 17,ŁÓDŹ,Wiedza o społeczeństwie PR,6,21,39,
m.Łódź,Liceum Ogólnokształcace nr 18,Perla 11,Łódź,Biologia PR,13,17,18,472911820
m.Łódź,Liceum Ogólnokształcace nr 18,Perla 11,Łódź,Filozofia PR,6,3,0,472911820
m.Łódź,Liceum Ogólnokształcace nr 18,Perla 11,Łódź,Fizyka PR,1,15,0,472911820
m.Łódź,Liceum Ogólnokształcace nr 18,Perla 11,Łódź,Geografia PR,18,36,39,472911820
m.Łódź,Liceum Ogólnokształcace nr 18,Perla 11,Łódź,Historia PR,5,40,40,472911820
m.Łódź,Liceum Ogólnokształcace nr 18,Perla 11,Łódź,Język angielski PR,29,39,3,472911820
m.Łódź,Liceum Ogólnokształcace nr 18,Perla 11,Łódź,Język polski PR,21,55,60,472911820
m.Łódź,Liceum Ogólnokształcace nr 18,Perla 11,Łódź,Matematyka PR,5,49,60,472911820
m.Łódź,Liceum Ogólnokształcace nr 18,Perla 11,Łódź,Wiedza o społeczeństwie PR,4,27,50,472911820
m.Łódź,XXVI LO w Łodzi,ul. Wileńska 22A,Łódź,Biologia PR,57,59,18,
m.Łódź,XXVI LO w Łodzi,ul. Wileńska 22A,Łódź,Chemia PR,45,56,59,
m.Łódź,XXVI LO w Łodzi,ul. Wileńska 22A,Łódź,Filozofia PR,1,46,0,
m.Łódź,XXVI LO w Łodzi,ul. Wileńska 22A,Łódź,Fizyka PR,29,61,3,
m.Łódź,XXVI LO w Łodzi,ul. Wileńska 22A,Łódź,Geografia PR,16,64,58,
m.Łódź,XXVI LO w Łodzi,ul. Wileńska 22A,Łódź,Historia PR,16,59,13,
m.Łódź,XXVI LO w Łodzi,ul. Wileńska 22A,Łódź,Historia sztuki PR,2,65,83,
m.Łódź,XXVI LO w Łodzi,ul. Wileńska 22A,Łódź,Informatyka PR,5,39,20,
m.Łódź,XXVI LO w Łodzi,ul. Wileńska 22A,Łódź,Język angielski PR,131,80,37,
m.Łódź,XXVI LO w Łodzi,ul. Wileńska 22A,Łódź,Język francuski PR,4,80,0,
m.Łódź,XXVI LO w Łodzi,ul. Wileńska 22A,Łódź,Język hiszpański PR,2,57,0,
m.Łódź,XXVI LO w Łodzi,ul. Wileńska 22A,Łódź,Język niemiecki PR,1,80,0,
m.Łódź,XXVI LO w Łodzi,ul. Wileńska 22A,Łódź,Język polski PR,27,86,48,
m.Łódź,XXVI LO w Łodzi,ul. Wileńska 22A,Łódź,Matematyka PR,84,61,74,
m.Łódź,XXVI LO w Łodzi,ul. Wileńska 22A,Łódź,Wiedza o społeczeństwie PR,1,61,67,
m.Łódź,Publiczne Liceum Ogólnokształcące Politechniki Łódzkiej,Różyckiego 5,Łódź,Biologia PR,13,68,46,101631461
m.Łódź,Publiczne Liceum Ogólnokształcące Politechniki Łódzkiej,Różyckiego 5,Łódź,Chemia PR,50,66,83,101631461
m.Łódź,Publiczne Liceum Ogólnokształcące Politechniki Łódzkiej,Różyckiego 5,Łódź,Filozofia PR,1,78,0,101631461
m.Łódź,Publiczne Liceum Ogólnokształcące Politechniki Łódzkiej,Różyckiego 5,Łódź,Fizyka PR,44,80,38,101631461
m.Łódź,Publiczne Liceum Ogólnokształcące Politechniki Łódzkiej,Różyckiego 5,Łódź,Geografia PR,2,70,83,101631461
m.Łódź,Publiczne Liceum Ogólnokształcące Politechniki Łódzkiej,Różyckiego 5,Łódź,Historia PR,1,64,0,101631461
m.Łódź,Publiczne Liceum Ogólnokształcące Politechniki Łódzkiej,Różyckiego 5,Łódź,Informatyka PR,2,67,0,101631461
m.Łódź,Publiczne Liceum Ogólnokształcące Politechniki Łódzkiej,Różyckiego 5,Łódź,Język angielski PR,102,88,63,101631461
m.Łódź,Publiczne Liceum Ogólnokształcące Politechniki Łódzkiej,Różyckiego 5,Łódź,Język francuski PR,4,78,0,101631461
m.Łódź,Publiczne Liceum Ogólnokształcące Politechniki Łódzkiej,Różyckiego 5,Łódź,Język hiszpański PR,3,70,0,101631461
m.Łódź,Publiczne Liceum Ogólnokształcące Politechniki Łódzkiej,Różyckiego 5,Łódź,Język niemiecki PR,7,62,86,101631461
m.Łódź,Publiczne Liceum Ogólnokształcące Politechniki Łódzkiej,Różyckiego 5,Łódź,Język polski PR,7,82,14,101631461
m.Łódź,Publiczne Liceum Ogólnokształcące Politechniki Łódzkiej,Różyckiego 5,Łódź,Język rosyjski PR,1,98,0,101631461
m.Łódź,Publiczne Liceum Ogólnokształcące Politechniki Łódzkiej,Różyckiego 5,Łódź,Matematyka PR,98,77,18,101631461
m.Łódź,Publiczne Liceum Ogólnokształcące Politechniki Łódzkiej,Różyckiego 5,Łódź,Wiedza o społeczeństwie PR,1,63,33,101631461
m.Łódź,Technikum Samochodowe Zakładu Doskonalenia Zawodowego w Łodzi,Łąkowa 4,Łódź,Geografia PR,1,21,67,101460002
m.Łódź,Technikum Samochodowe Zakładu Doskonalenia Zawodowego w Łodzi,Łąkowa 4,Łódź,Język angielski PR,8,17,25,101460002
m.Łódź,Akademickie Liceum Ogólnokształcące  w Łodzi,Wileńska 53/55,Łódź,Biologia PR,3,23,33,362330748
m.Łódź,Akademickie Liceum Ogólnokształcące  w Łodzi,Wileńska 53/55,Łódź,Chemia PR,1,25,0,362330748
m.Łódź,Akademickie Liceum Ogólnokształcące  w Łodzi,Wileńska 53/55,Łódź,Historia PR,1,20,0,362330748
m.Łódź,Akademickie Liceum Ogólnokształcące  w Łodzi,Wileńska 53/55,Łódź,Język angielski PR,2,60,0,362330748
m.Łódź,Akademickie Liceum Ogólnokształcące  w Łodzi,Wileńska 53/55,Łódź,Język polski PR,1,80,0,362330748
m.Łódź,Akademickie Liceum Ogólnokształcące  w Łodzi,Wileńska 53/55,Łódź,Matematyka PR,1,2,0,362330748
m.Łódź,Technikum nr 4 w Zespole Szkół Gastronomiznych w Łodzi,Sienkiewicza 88,Łódź,Biologia PR,18,12,96,000185844
m.Łódź,Technikum nr 4 w Zespole Szkół Gastronomiznych w Łodzi,Sienkiewicza 88,Łódź,Geografia PR,24,19,10,000185844
m.Łódź,Technikum nr 4 w Zespole Szkół Gastronomiznych w Łodzi,Sienkiewicza 88,Łódź,Historia PR,4,14,0,000185844
m.Łódź,Technikum nr 4 w Zespole Szkół Gastronomiznych w Łodzi,Sienkiewicza 88,Łódź,Język angielski PR,46,41,91,000185844
m.Łódź,Technikum nr 4 w Zespole Szkół Gastronomiznych w Łodzi,Sienkiewicza 88,Łódź,Język francuski PR,1,50,0,000185844
m.Łódź,Technikum nr 4 w Zespole Szkół Gastronomiznych w Łodzi,Sienkiewicza 88,Łódź,Język polski PR,11,45,0,000185844
m.Łódź,Technikum nr 4 w Zespole Szkół Gastronomiznych w Łodzi,Sienkiewicza 88,Łódź,Język rosyjski PR,1,80,0,000185844
m.Łódź,Technikum nr 4 w Zespole Szkół Gastronomiznych w Łodzi,Sienkiewicza 88,Łódź,Matematyka PR,6,11,0,000185844
m.Łódź,Technikum nr 4 w Zespole Szkół Gastronomiznych w Łodzi,Sienkiewicza 88,Łódź,Wiedza o społeczeństwie PR,12,10,83,000185844
m.Łódź,Liceum Ogólnokształcące dla Dorosłych Łódzkiej Korporacji Oświatowej sp. z o.o.,Jaracza 70,Łódź,Geografia PR,2,18,33,101483150
m.Łódź,Liceum Ogólnokształcące dla Dorosłych Łódzkiej Korporacji Oświatowej sp. z o.o.,Jaracza 70,Łódź,Język angielski PR,1,22,0,101483150
m.Łódź,Liceum Ogólnokształcące dla Dorosłych Łódzkiej Korporacji Oświatowej sp. z o.o.,Jaracza 70,Łódź,Język polski PR,1,45,0,101483150
m.Łódź,Liceum Ogólnokształcące dla Dorosłych Łódzkiej Korporacji Oświatowej sp. z o.o.,Jaracza 70,Łódź,Język rosyjski PR,1,60,0,101483150
m.Łódź,Technikum nr 19 w Centrum Kształcenia Zawodowego i Ustawicznego w Łodzi,Żeromskiego 115,Łódź,Biologia PR,24,22,43,365274690
m.Łódź,Technikum nr 19 w Centrum Kształcenia Zawodowego i Ustawicznego w Łodzi,Żeromskiego 115,Łódź,Chemia PR,15,19,56,365274690
m.Łódź,Technikum nr 19 w Centrum Kształcenia Zawodowego i Ustawicznego w Łodzi,Żeromskiego 115,Łódź,Fizyka PR,3,26,67,365274690
m.Łódź,Technikum nr 19 w Centrum Kształcenia Zawodowego i Ustawicznego w Łodzi,Żeromskiego 115,Łódź,Geografia PR,25,24,27,365274690
m.Łódź,Technikum nr 19 w Centrum Kształcenia Zawodowego i Ustawicznego w Łodzi,Żeromskiego 115,Łódź,Historia PR,5,23,20,365274690
m.Łódź,Technikum nr 19 w Centrum Kształcenia Zawodowego i Ustawicznego w Łodzi,Żeromskiego 115,Łódź,Informatyka PR,2,2,0,365274690
m.Łódź,Technikum nr 19 w Centrum Kształcenia Zawodowego i Ustawicznego w Łodzi,Żeromskiego 115,Łódź,Język angielski PR,79,46,81,365274690
m.Łódź,Technikum nr 19 w Centrum Kształcenia Zawodowego i Ustawicznego w Łodzi,Żeromskiego 115,Łódź,Język niemiecki PR,1,68,0,365274690
m.Łódź,Technikum nr 19 w Centrum Kształcenia Zawodowego i Ustawicznego w Łodzi,Żeromskiego 115,Łódź,Język polski PR,17,58,53,365274690
m.Łódź,Technikum nr 19 w Centrum Kształcenia Zawodowego i Ustawicznego w Łodzi,Żeromskiego 115,Łódź,Matematyka PR,18,13,33,365274690
m.Łódź,Technikum nr 19 w Centrum Kształcenia Zawodowego i Ustawicznego w Łodzi,Żeromskiego 115,Łódź,Wiedza o społeczeństwie PR,3,20,56,365274690
m.Łódź,Technikum Nr 15 w Zespole Szkół Budowlano - Technicznych im. dr Stefana Kopcińskiego w Łodzi,Kopcińskiego 5/11,Łódź,Biologia PR,2,9,17,000180723
m.Łódź,Technikum Nr 15 w Zespole Szkół Budowlano - Technicznych im. dr Stefana Kopcińskiego w Łodzi,Kopcińskiego 5/11,Łódź,Fizyka PR,9,19,7,000180723
m.Łódź,Technikum Nr 15 w Zespole Szkół Budowlano - Technicznych im. dr Stefana Kopcińskiego w Łodzi,Kopcińskiego 5/11,Łódź,Geografia PR,6,23,89,000180723
m.Łódź,Technikum Nr 15 w Zespole Szkół Budowlano - Technicznych im. dr Stefana Kopcińskiego w Łodzi,Kopcińskiego 5/11,Łódź,Język angielski PR,10,50,20,000180723
m.Łódź,Technikum Nr 15 w Zespole Szkół Budowlano - Technicznych im. dr Stefana Kopcińskiego w Łodzi,Kopcińskiego 5/11,Łódź,Język polski PR,1,57,50,000180723
m.Łódź,Technikum Nr 15 w Zespole Szkół Budowlano - Technicznych im. dr Stefana Kopcińskiego w Łodzi,Kopcińskiego 5/11,Łódź,Język rosyjski PR,1,98,0,000180723
m.Łódź,Technikum Nr 15 w Zespole Szkół Budowlano - Technicznych im. dr Stefana Kopcińskiego w Łodzi,Kopcińskiego 5/11,Łódź,Matematyka PR,10,16,60,000180723
m.Łódź,IV Liceum Ogólnokształcące im. E. Sczanieckiej w Łodzi,Pomorska 16,Łódź,Biologia PR,22,40,83,000830049
m.Łódź,IV Liceum Ogólnokształcące im. E. Sczanieckiej w Łodzi,Pomorska 16,Łódź,Chemia PR,12,26,53,000830049
m.Łódź,IV Liceum Ogólnokształcące im. E. Sczanieckiej w Łodzi,Pomorska 16,Łódź,Filozofia PR,1,50,0,000830049
m.Łódź,IV Liceum Ogólnokształcące im. E. Sczanieckiej w Łodzi,Pomorska 16,Łódź,Fizyka PR,17,42,45,000830049
m.Łódź,IV Liceum Ogólnokształcące im. E. Sczanieckiej w Łodzi,Pomorska 16,Łódź,Geografia PR,19,37,54,000830049
m.Łódź,IV Liceum Ogólnokształcące im. E. Sczanieckiej w Łodzi,Pomorska 16,Łódź,Historia PR,17,27,88,000830049
m.Łódź,IV Liceum Ogólnokształcące im. E. Sczanieckiej w Łodzi,Pomorska 16,Łódź,Historia sztuki PR,1,60,0,000830049
m.Łódź,IV Liceum Ogólnokształcące im. E. Sczanieckiej w Łodzi,Pomorska 16,Łódź,Język angielski PR,80,62,83,000830049
m.Łódź,IV Liceum Ogólnokształcące im. E. Sczanieckiej w Łodzi,Pomorska 16,Łódź,Język francuski PR,1,26,0,000830049
m.Łódź,IV Liceum Ogólnokształcące im. E. Sczanieckiej w Łodzi,Pomorska 16,Łódź,Język hiszpański PR,1,76,0,000830049
m.Łódź,IV Liceum Ogólnokształcące im. E. Sczanieckiej w Łodzi,Pomorska 16,Łódź,Język polski PR,34,55,74,000830049
m.Łódź,IV Liceum Ogólnokształcące im. E. Sczanieckiej w Łodzi,Pomorska 16,Łódź,Matematyka PR,43,36,51,000830049
m.Łódź,Liceum Ogólnokształcące Umiejętności Twórczych,Rewolucji 1905 r. nr 52,Łódź,Biologia PR,5,41,67,
m.Łódź,Liceum Ogólnokształcące Umiejętności Twórczych,Rewolucji 1905 r. nr 52,Łódź,Chemia PR,3,34,44,
m.Łódź,Liceum Ogólnokształcące Umiejętności Twórczych,Rewolucji 1905 r. nr 52,Łódź,Geografia PR,1,30,0,
m.Łódź,Liceum Ogólnokształcące Umiejętności Twórczych,Rewolucji 1905 r. nr 52,Łódź,Historia PR,1,10,0,
m.Łódź,Liceum Ogólnokształcące Umiejętności Twórczych,Rewolucji 1905 r. nr 52,Łódź,Język angielski PR,11,66,18,
m.Łódź,Liceum Ogólnokształcące Umiejętności Twórczych,Rewolucji 1905 r. nr 52,Łódź,Język polski PR,3,17,50,
m.Łódź,Liceum Ogólnokształcące Umiejętności Twórczych,Rewolucji 1905 r. nr 52,Łódź,Wiedza o społeczeństwie PR,1,20,0,
m.Łódź,Technikum Informatyki Edukacji Innowacyjnej w Łodzi,Rewolucji 1905 r. nr 52,Łódź,Język angielski PR,5,46,0,
m.Łódź,Technikum Informatyki Edukacji Innowacyjnej w Łodzi,Rewolucji 1905 r. nr 52,Łódź,Matematyka PR,4,12,50,
m.Łódź,Salezjańskie Liceum Ogólnokształcące   im. Księdza Bosko,Wodna 34,Łódź,Biologia PR,28,52,44,431231444
m.Łódź,Salezjańskie Liceum Ogólnokształcące   im. Księdza Bosko,Wodna 34,Łódź,Chemia PR,36,47,18,431231444
m.Łódź,Salezjańskie Liceum Ogólnokształcące   im. Księdza Bosko,Wodna 34,Łódź,Filozofia PR,1,54,0,431231444
m.Łódź,Salezjańskie Liceum Ogólnokształcące   im. Księdza Bosko,Wodna 34,Łódź,Fizyka PR,18,53,80,431231444
m.Łódź,Salezjańskie Liceum Ogólnokształcące   im. Księdza Bosko,Wodna 34,Łódź,Geografia PR,19,54,65,431231444
m.Łódź,Salezjańskie Liceum Ogólnokształcące   im. Księdza Bosko,Wodna 34,Łódź,Historia PR,21,46,67,431231444
m.Łódź,Salezjańskie Liceum Ogólnokształcące   im. Księdza Bosko,Wodna 34,Łódź,Historia sztuki PR,2,89,17,431231444
m.Łódź,Salezjańskie Liceum Ogólnokształcące   im. Księdza Bosko,Wodna 34,Łódź,Język angielski PR,103,71,65,431231444
m.Łódź,Salezjańskie Liceum Ogólnokształcące   im. Księdza Bosko,Wodna 34,Łódź,Język hiszpański PR,6,63,0,431231444
m.Łódź,Salezjańskie Liceum Ogólnokształcące   im. Księdza Bosko,Wodna 34,Łódź,Język łaciński i kultura antyczna PR,3,51,11,431231444
m.Łódź,Salezjańskie Liceum Ogólnokształcące   im. Księdza Bosko,Wodna 34,Łódź,Język niemiecki PR,5,73,20,431231444
m.Łódź,Salezjańskie Liceum Ogólnokształcące   im. Księdza Bosko,Wodna 34,Łódź,Język polski PR,34,71,62,431231444
m.Łódź,Salezjańskie Liceum Ogólnokształcące   im. Księdza Bosko,Wodna 34,Łódź,Język włoski PR,1,94,0,431231444
m.Łódź,Salezjańskie Liceum Ogólnokształcące   im. Księdza Bosko,Wodna 34,Łódź,Matematyka PR,51,63,61,431231444
m.Łódź,Salezjańskie Liceum Ogólnokształcące   im. Księdza Bosko,Wodna 34,Łódź,Wiedza o społeczeństwie PR,5,41,33,431231444
m.Łódź,I Liceum Ogólnokształacące im. Mikołaja Kopernika w Łodzi,Więckowskiego 41,Łódź,Biologia PR,52,70,35,000731420
m.Łódź,I Liceum Ogólnokształacące im. Mikołaja Kopernika w Łodzi,Więckowskiego 41,Łódź,Chemia PR,87,72,85,000731420
m.Łódź,I Liceum Ogólnokształacące im. Mikołaja Kopernika w Łodzi,Więckowskiego 41,Łódź,Filozofia PR,1,54,0,000731420
m.Łódź,I Liceum Ogólnokształacące im. Mikołaja Kopernika w Łodzi,Więckowskiego 41,Łódź,Fizyka PR,38,71,58,000731420
m.Łódź,I Liceum Ogólnokształacące im. Mikołaja Kopernika w Łodzi,Więckowskiego 41,Łódź,Geografia PR,18,71,48,000731420
m.Łódź,I Liceum Ogólnokształacące im. Mikołaja Kopernika w Łodzi,Więckowskiego 41,Łódź,Historia PR,3,78,67,000731420
m.Łódź,I Liceum Ogólnokształacące im. Mikołaja Kopernika w Łodzi,Więckowskiego 41,Łódź,Informatyka PR,9,59,78,000731420
m.Łódź,I Liceum Ogólnokształacące im. Mikołaja Kopernika w Łodzi,Więckowskiego 41,Łódź,Język angielski PR,135,87,41,000731420
m.Łódź,I Liceum Ogólnokształacące im. Mikołaja Kopernika w Łodzi,Więckowskiego 41,Łódź,Język francuski PR,6,85,33,000731420
m.Łódź,I Liceum Ogólnokształacące im. Mikołaja Kopernika w Łodzi,Więckowskiego 41,Łódź,Język niemiecki PR,6,82,0,000731420
m.Łódź,I Liceum Ogólnokształacące im. Mikołaja Kopernika w Łodzi,Więckowskiego 41,Łódź,Język polski PR,16,75,63,000731420
m.Łódź,I Liceum Ogólnokształacące im. Mikołaja Kopernika w Łodzi,Więckowskiego 41,Łódź,Matematyka PR,107,77,79,000731420
m.Łódź,I Liceum Ogólnokształacące im. Mikołaja Kopernika w Łodzi,Więckowskiego 41,Łódź,Wiedza o społeczeństwie PR,3,61,11,000731420
m.Łódź,"XXIX Liceum Ogólnokształcące im. hm. Janka Bytnara ,, Rudego""",Zelwerowicza 38/44,Łódź,Biologia PR,21,36,19,
m.Łódź,"XXIX Liceum Ogólnokształcące im. hm. Janka Bytnara ,, Rudego""",Zelwerowicza 38/44,Łódź,Chemia PR,13,39,87,
m.Łódź,"XXIX Liceum Ogólnokształcące im. hm. Janka Bytnara ,, Rudego""",Zelwerowicza 38/44,Łódź,Filozofia PR,1,42,0,
m.Łódź,"XXIX Liceum Ogólnokształcące im. hm. Janka Bytnara ,, Rudego""",Zelwerowicza 38/44,Łódź,Fizyka PR,6,32,78,
m.Łódź,"XXIX Liceum Ogólnokształcące im. hm. Janka Bytnara ,, Rudego""",Zelwerowicza 38/44,Łódź,Geografia PR,35,36,38,
m.Łódź,"XXIX Liceum Ogólnokształcące im. hm. Janka Bytnara ,, Rudego""",Zelwerowicza 38/44,Łódź,Historia PR,13,42,77,
m.Łódź,"XXIX Liceum Ogólnokształcące im. hm. Janka Bytnara ,, Rudego""",Zelwerowicza 38/44,Łódź,Język angielski PR,80,62,93,
m.Łódź,"XXIX Liceum Ogólnokształcące im. hm. Janka Bytnara ,, Rudego""",Zelwerowicza 38/44,Łódź,Język francuski PR,1,68,0,
m.Łódź,"XXIX Liceum Ogólnokształcące im. hm. Janka Bytnara ,, Rudego""",Zelwerowicza 38/44,Łódź,Język polski PR,39,51,35,
m.Łódź,"XXIX Liceum Ogólnokształcące im. hm. Janka Bytnara ,, Rudego""",Zelwerowicza 38/44,Łódź,Matematyka PR,29,39,52,
m.Łódź,"XXIX Liceum Ogólnokształcące im. hm. Janka Bytnara ,, Rudego""",Zelwerowicza 38/44,Łódź,Wiedza o społeczeństwie PR,14,34,40,
m.Łódź,Technikum nr 3,ul. Kilińskiego 159/163,Łódź,Biologia PR,1,10,0,
m.Łódź,Technikum nr 3,ul. Kilińskiego 159/163,Łódź,Chemia PR,1,3,33,
m.Łódź,Technikum nr 3,ul. Kilińskiego 159/163,Łódź,Fizyka PR,2,47,50,
m.Łódź,Technikum nr 3,ul. Kilińskiego 159/163,Łódź,Geografia PR,37,29,14,
m.Łódź,Technikum nr 3,ul. Kilińskiego 159/163,Łódź,Historia PR,3,19,33,
m.Łódź,Technikum nr 3,ul. Kilińskiego 159/163,Łódź,Język angielski PR,43,40,33,
m.Łódź,Technikum nr 3,ul. Kilińskiego 159/163,Łódź,Język francuski PR,1,48,0,
m.Łódź,Technikum nr 3,ul. Kilińskiego 159/163,Łódź,Język niemiecki PR,4,39,50,
m.Łódź,Technikum nr 3,ul. Kilińskiego 159/163,Łódź,Język polski PR,9,44,17,
m.Łódź,Technikum nr 3,ul. Kilińskiego 159/163,Łódź,Matematyka PR,22,8,82,
m.Łódź,Technikum nr 3,ul. Kilińskiego 159/163,Łódź,Wiedza o społeczeństwie PR,2,11,67,
m.Łódź,VIII Liceum Ogólnokształcące   im. Adama Asnyka w Łodzi,Pomorska 105,Łódź,Biologia PR,31,27,4,000731703
m.Łódź,VIII Liceum Ogólnokształcące   im. Adama Asnyka w Łodzi,Pomorska 105,Łódź,Chemia PR,18,27,31,000731703
m.Łódź,VIII Liceum Ogólnokształcące   im. Adama Asnyka w Łodzi,Pomorska 105,Łódź,Geografia PR,53,44,91,000731703
m.Łódź,VIII Liceum Ogólnokształcące   im. Adama Asnyka w Łodzi,Pomorska 105,Łódź,Historia PR,11,44,18,000731703
m.Łódź,VIII Liceum Ogólnokształcące   im. Adama Asnyka w Łodzi,Pomorska 105,Łódź,Historia sztuki PR,3,48,89,000731703
m.Łódź,VIII Liceum Ogólnokształcące   im. Adama Asnyka w Łodzi,Pomorska 105,Łódź,Język angielski PR,99,67,35,000731703
m.Łódź,VIII Liceum Ogólnokształcące   im. Adama Asnyka w Łodzi,Pomorska 105,Łódź,Język hiszpański PR,1,74,0,000731703
m.Łódź,VIII Liceum Ogólnokształcące   im. Adama Asnyka w Łodzi,Pomorska 105,Łódź,Język niemiecki PR,21,73,5,000731703
m.Łódź,VIII Liceum Ogólnokształcące   im. Adama Asnyka w Łodzi,Pomorska 105,Łódź,Język polski PR,36,60,83,000731703
m.Łódź,VIII Liceum Ogólnokształcące   im. Adama Asnyka w Łodzi,Pomorska 105,Łódź,Matematyka PR,28,34,79,000731703
m.Łódź,VIII Liceum Ogólnokształcące   im. Adama Asnyka w Łodzi,Pomorska 105,Łódź,Wiedza o społeczeństwie PR,2,32,50,000731703
m.Łódź,Liceum Ogólnokształcące nr. XXI im. Bolesława Prusa,Kopernika 2,Łódź,Biologia PR,53,62,36,363885017
m.Łódź,Liceum Ogólnokształcące nr. XXI im. Bolesława Prusa,Kopernika 2,Łódź,Chemia PR,45,64,70,363885017
m.Łódź,Liceum Ogólnokształcące nr. XXI im. Bolesława Prusa,Kopernika 2,Łódź,Filozofia PR,2,42,0,363885017
m.Łódź,Liceum Ogólnokształcące nr. XXI im. Bolesława Prusa,Kopernika 2,Łódź,Fizyka PR,1,38,33,363885017
m.Łódź,Liceum Ogólnokształcące nr. XXI im. Bolesława Prusa,Kopernika 2,Łódź,Geografia PR,37,58,15,363885017
m.Łódź,Liceum Ogólnokształcące nr. XXI im. Bolesława Prusa,Kopernika 2,Łódź,Historia PR,38,51,63,363885017
m.Łódź,Liceum Ogólnokształcące nr. XXI im. Bolesława Prusa,Kopernika 2,Łódź,Historia sztuki PR,6,67,78,363885017
m.Łódź,Liceum Ogólnokształcące nr. XXI im. Bolesława Prusa,Kopernika 2,Łódź,Język angielski PR,137,81,56,363885017
m.Łódź,Liceum Ogólnokształcące nr. XXI im. Bolesława Prusa,Kopernika 2,Łódź,Język francuski PR,4,70,0,363885017
m.Łódź,Liceum Ogólnokształcące nr. XXI im. Bolesława Prusa,Kopernika 2,Łódź,Język hiszpański PR,1,62,0,363885017
m.Łódź,Liceum Ogólnokształcące nr. XXI im. Bolesława Prusa,Kopernika 2,Łódź,Język niemiecki PR,1,64,0,363885017
m.Łódź,Liceum Ogólnokształcące nr. XXI im. Bolesława Prusa,Kopernika 2,Łódź,Język polski PR,65,63,62,363885017
m.Łódź,Liceum Ogólnokształcące nr. XXI im. Bolesława Prusa,Kopernika 2,Łódź,Matematyka PR,56,56,86,363885017
m.Łódź,Liceum Ogólnokształcące nr. XXI im. Bolesława Prusa,Kopernika 2,Łódź,Wiedza o społeczeństwie PR,12,54,44,363885017
m.Łódź,III Liceum Ogólnokształcące im.T.Kościuszki w Łodzi,Sienkiewicza 46,Łódź,Biologia PR,54,60,37,000731689
m.Łódź,III Liceum Ogólnokształcące im.T.Kościuszki w Łodzi,Sienkiewicza 46,Łódź,Chemia PR,55,57,97,000731689
m.Łódź,III Liceum Ogólnokształcące im.T.Kościuszki w Łodzi,Sienkiewicza 46,Łódź,Fizyka PR,18,72,13,000731689
m.Łódź,III Liceum Ogólnokształcące im.T.Kościuszki w Łodzi,Sienkiewicza 46,Łódź,Geografia PR,47,55,85,000731689
m.Łódź,III Liceum Ogólnokształcące im.T.Kościuszki w Łodzi,Sienkiewicza 46,Łódź,Historia PR,2,68,0,000731689
m.Łódź,III Liceum Ogólnokształcące im.T.Kościuszki w Łodzi,Sienkiewicza 46,Łódź,Historia sztuki PR,1,58,33,000731689
m.Łódź,III Liceum Ogólnokształcące im.T.Kościuszki w Łodzi,Sienkiewicza 46,Łódź,Język angielski PR,120,79,0,000731689
m.Łódź,III Liceum Ogólnokształcące im.T.Kościuszki w Łodzi,Sienkiewicza 46,Łódź,Język hiszpański PR,2,58,0,000731689
m.Łódź,III Liceum Ogólnokształcące im.T.Kościuszki w Łodzi,Sienkiewicza 46,Łódź,Język niemiecki PR,6,75,67,000731689
m.Łódź,III Liceum Ogólnokształcące im.T.Kościuszki w Łodzi,Sienkiewicza 46,Łódź,Język polski PR,34,71,54,000731689
m.Łódź,III Liceum Ogólnokształcące im.T.Kościuszki w Łodzi,Sienkiewicza 46,Łódź,Język rosyjski PR,4,73,50,000731689
m.Łódź,III Liceum Ogólnokształcące im.T.Kościuszki w Łodzi,Sienkiewicza 46,Łódź,Matematyka PR,59,57,32,000731689
m.Łódź,II Liceum Ogólnokształcące im. Gabriela Narutowicza w Łodzi,Nowa 11/13,Łódź,Biologia PR,20,43,25,000732105
m.Łódź,II Liceum Ogólnokształcące im. Gabriela Narutowicza w Łodzi,Nowa 11/13,Łódź,Chemia PR,10,35,83,000732105
m.Łódź,II Liceum Ogólnokształcące im. Gabriela Narutowicza w Łodzi,Nowa 11/13,Łódź,Filozofia PR,6,6,0,000732105
m.Łódź,II Liceum Ogólnokształcące im. Gabriela Narutowicza w Łodzi,Nowa 11/13,Łódź,Geografia PR,12,26,39,000732105
m.Łódź,II Liceum Ogólnokształcące im. Gabriela Narutowicza w Łodzi,Nowa 11/13,Łódź,Historia PR,8,28,0,000732105
m.Łódź,II Liceum Ogólnokształcące im. Gabriela Narutowicza w Łodzi,Nowa 11/13,Łódź,Historia sztuki PR,4,47,50,000732105
m.Łódź,II Liceum Ogólnokształcące im. Gabriela Narutowicza w Łodzi,Nowa 11/13,Łódź,Język angielski PR,68,53,50,000732105
m.Łódź,II Liceum Ogólnokształcące im. Gabriela Narutowicza w Łodzi,Nowa 11/13,Łódź,Język niemiecki PR,1,40,0,000732105
m.Łódź,II Liceum Ogólnokształcące im. Gabriela Narutowicza w Łodzi,Nowa 11/13,Łódź,Język polski PR,25,49,10,000732105
m.Łódź,II Liceum Ogólnokształcące im. Gabriela Narutowicza w Łodzi,Nowa 11/13,Łódź,Matematyka PR,5,25,20,000732105
m.Łódź,II Liceum Ogólnokształcące im. Gabriela Narutowicza w Łodzi,Nowa 11/13,Łódź,Wiedza o społeczeństwie PR,16,26,25,000732105
m.Łódź,"Liceum Ogólnokształcące dla Dorosłych przy Centrum Edukacyjno-Dydaktycznym ""OMEGA"" w Łodzi",Sienkiewicza 85/87,Łódź,Biologia PR,4,19,58,
m.Łódź,"Liceum Ogólnokształcące dla Dorosłych przy Centrum Edukacyjno-Dydaktycznym ""OMEGA"" w Łodzi",Sienkiewicza 85/87,Łódź,Geografia PR,1,30,0,
m.Łódź,"Liceum Ogólnokształcące dla Dorosłych przy Centrum Edukacyjno-Dydaktycznym ""OMEGA"" w Łodzi",Sienkiewicza 85/87,Łódź,Historia PR,2,21,0,
m.Łódź,"Liceum Ogólnokształcące dla Dorosłych przy Centrum Edukacyjno-Dydaktycznym ""OMEGA"" w Łodzi",Sienkiewicza 85/87,Łódź,Język angielski PR,4,62,50,
m.Łódź,"Liceum Ogólnokształcące dla Dorosłych przy Centrum Edukacyjno-Dydaktycznym ""OMEGA"" w Łodzi",Sienkiewicza 85/87,Łódź,Język niemiecki PR,1,22,0,
m.Łódź,"Liceum Ogólnokształcące dla Dorosłych przy Centrum Edukacyjno-Dydaktycznym ""OMEGA"" w Łodzi",Sienkiewicza 85/87,Łódź,Język polski PR,2,62,50,
m.Łódź,"Publiczne Zaoczne Liceum Ogólnokształcące ""Cosinus""",Wólczańska 4a,Łódź,Biologia PR,4,15,0,
m.Łódź,"Publiczne Zaoczne Liceum Ogólnokształcące ""Cosinus""",Wólczańska 4a,Łódź,Fizyka PR,2,13,33,
m.Łódź,"Publiczne Zaoczne Liceum Ogólnokształcące ""Cosinus""",Wólczańska 4a,Łódź,Geografia PR,15,21,56,
m.Łódź,"Publiczne Zaoczne Liceum Ogólnokształcące ""Cosinus""",Wólczańska 4a,Łódź,Historia PR,8,35,50,
m.Łódź,"Publiczne Zaoczne Liceum Ogólnokształcące ""Cosinus""",Wólczańska 4a,Łódź,Historia sztuki PR,3,40,0,
m.Łódź,"Publiczne Zaoczne Liceum Ogólnokształcące ""Cosinus""",Wólczańska 4a,Łódź,Informatyka PR,2,27,0,
m.Łódź,"Publiczne Zaoczne Liceum Ogólnokształcące ""Cosinus""",Wólczańska 4a,Łódź,Język angielski PR,54,43,52,
m.Łódź,"Publiczne Zaoczne Liceum Ogólnokształcące ""Cosinus""",Wólczańska 4a,Łódź,Język francuski PR,2,69,0,
m.Łódź,"Publiczne Zaoczne Liceum Ogólnokształcące ""Cosinus""",Wólczańska 4a,Łódź,Język niemiecki PR,1,54,0,
m.Łódź,"Publiczne Zaoczne Liceum Ogólnokształcące ""Cosinus""",Wólczańska 4a,Łódź,Język polski PR,20,36,75,
m.Łódź,"Publiczne Zaoczne Liceum Ogólnokształcące ""Cosinus""",Wólczańska 4a,Łódź,Język rosyjski PR,2,11,0,
m.Łódź,"Publiczne Zaoczne Liceum Ogólnokształcące ""Cosinus""",Wólczańska 4a,Łódź,Matematyka PR,8,7,25,
m.Łódź,"Publiczne Zaoczne Liceum Ogólnokształcące ""Cosinus""",Wólczańska 4a,Łódź,Wiedza o społeczeństwie PR,20,15,0,
m.Łódź,ATUT LIDER KSZTAŁCENIA Liceum Ogólnokształcące dla dorosłych w Łodzi,Piotrkowska 173,Łódź,Geografia PR,3,15,56,101487231
m.Łódź,ATUT LIDER KSZTAŁCENIA Liceum Ogólnokształcące dla dorosłych w Łodzi,Piotrkowska 173,Łódź,Matematyka PR,2,1,0,101487231
m.Łódź,MUNDUROWE LICEUM OGOLNOKSZTAŁCĄCE W ŁODZI,ul. Klaretyńska 9,Łódź,Biologia PR,13,14,87,
m.Łódź,MUNDUROWE LICEUM OGOLNOKSZTAŁCĄCE W ŁODZI,ul. Klaretyńska 9,Łódź,Chemia PR,10,4,0,
m.Łódź,MUNDUROWE LICEUM OGOLNOKSZTAŁCĄCE W ŁODZI,ul. Klaretyńska 9,Łódź,Fizyka PR,2,11,67,
m.Łódź,MUNDUROWE LICEUM OGOLNOKSZTAŁCĄCE W ŁODZI,ul. Klaretyńska 9,Łódź,Geografia PR,16,18,33,
m.Łódź,MUNDUROWE LICEUM OGOLNOKSZTAŁCĄCE W ŁODZI,ul. Klaretyńska 9,Łódź,Historia PR,2,31,0,
m.Łódź,MUNDUROWE LICEUM OGOLNOKSZTAŁCĄCE W ŁODZI,ul. Klaretyńska 9,Łódź,Historia sztuki PR,1,18,33,
m.Łódź,MUNDUROWE LICEUM OGOLNOKSZTAŁCĄCE W ŁODZI,ul. Klaretyńska 9,Łódź,Język angielski PR,39,44,15,
m.Łódź,MUNDUROWE LICEUM OGOLNOKSZTAŁCĄCE W ŁODZI,ul. Klaretyńska 9,Łódź,Język polski PR,31,49,27,
m.Łódź,MUNDUROWE LICEUM OGOLNOKSZTAŁCĄCE W ŁODZI,ul. Klaretyńska 9,Łódź,Matematyka PR,11,15,9,
m.Łódź,MUNDUROWE LICEUM OGOLNOKSZTAŁCĄCE W ŁODZI,ul. Klaretyńska 9,Łódź,Wiedza o społeczeństwie PR,26,21,73,
m.Łódź,Liceum Ogólnokształcące dla Dorosłych w Centrum Kształcenia Ustawicznego im. Ewarysta Estkowskiego w Centrum Kształcenia Zawodowegi i Ustawicznego w Łodzi,Stefana Żeromskiego 115,Łódź,Biologia PR,3,8,89,365274690
m.Łódź,Liceum Ogólnokształcące dla Dorosłych w Centrum Kształcenia Ustawicznego im. Ewarysta Estkowskiego w Centrum Kształcenia Zawodowegi i Ustawicznego w Łodzi,Stefana Żeromskiego 115,Łódź,Geografia PR,6,21,11,365274690
m.Łódź,Liceum Ogólnokształcące dla Dorosłych w Centrum Kształcenia Ustawicznego im. Ewarysta Estkowskiego w Centrum Kształcenia Zawodowegi i Ustawicznego w Łodzi,Stefana Żeromskiego 115,Łódź,Historia PR,2,8,0,365274690
m.Łódź,Liceum Ogólnokształcące dla Dorosłych w Centrum Kształcenia Ustawicznego im. Ewarysta Estkowskiego w Centrum Kształcenia Zawodowegi i Ustawicznego w Łodzi,Stefana Żeromskiego 115,Łódź,Język angielski PR,6,46,0,365274690
m.Łódź,Liceum Ogólnokształcące dla Dorosłych w Centrum Kształcenia Ustawicznego im. Ewarysta Estkowskiego w Centrum Kształcenia Zawodowegi i Ustawicznego w Łodzi,Stefana Żeromskiego 115,Łódź,Język polski PR,8,23,13,365274690
m.Łódź,Liceum Ogólnokształcące dla Dorosłych w Centrum Kształcenia Ustawicznego im. Ewarysta Estkowskiego w Centrum Kształcenia Zawodowegi i Ustawicznego w Łodzi,Stefana Żeromskiego 115,Łódź,Matematyka PR,2,0,0,365274690
m.Łódź,Liceum Ogólnokształcące dla Dorosłych w Centrum Kształcenia Ustawicznego im. Ewarysta Estkowskiego w Centrum Kształcenia Zawodowegi i Ustawicznego w Łodzi,Stefana Żeromskiego 115,Łódź,Wiedza o społeczeństwie PR,7,17,62,365274690
m.Łódź,Trzyletnie Liceum Ogólnokształcące dla Dorosłych ŻAK,Piotrkowska 278,Łódź,Biologia PR,1,6,67,
m.Łódź,Trzyletnie Liceum Ogólnokształcące dla Dorosłych ŻAK,Piotrkowska 278,Łódź,Geografia PR,7,17,14,
m.Łódź,Trzyletnie Liceum Ogólnokształcące dla Dorosłych ŻAK,Piotrkowska 278,Łódź,Historia PR,1,24,0,
m.Łódź,Trzyletnie Liceum Ogólnokształcące dla Dorosłych ŻAK,Piotrkowska 278,Łódź,Język angielski PR,8,23,75,
m.Łódź,Trzyletnie Liceum Ogólnokształcące dla Dorosłych ŻAK,Piotrkowska 278,Łódź,Język polski PR,2,18,75,
m.Łódź,Trzyletnie Liceum Ogólnokształcące dla Dorosłych ŻAK,Piotrkowska 278,Łódź,Matematyka PR,2,1,0,
m.Łódź,Trzyletnie Liceum Ogólnokształcące dla Dorosłych ŻAK,Piotrkowska 278,Łódź,Wiedza o społeczeństwie PR,6,20,0,
m.Łódź,Akademia-Liceum Ogólnokształcące dla Młodzieży w Łodzi,Kilińskiego 21,Łódź,Biologia PR,7,13,57,017239943
m.Łódź,Akademia-Liceum Ogólnokształcące dla Młodzieży w Łodzi,Kilińskiego 21,Łódź,Chemia PR,3,6,11,017239943
m.Łódź,Akademia-Liceum Ogólnokształcące dla Młodzieży w Łodzi,Kilińskiego 21,Łódź,Język angielski PR,4,48,50,017239943
m.Łódź,Akademia-Liceum Ogólnokształcące dla Młodzieży w Łodzi,Kilińskiego 21,Łódź,Język polski PR,2,60,0,017239943
m.Łódź,Akademia-Liceum Ogólnokształcące dla Młodzieży w Łodzi,Kilińskiego 21,Łódź,Matematyka PR,2,1,0,017239943
m.Łódź,Akademia-Technikum dla Młodzieży w Łodzi,Kilińskiego 21,Łódź,Biologia PR,7,17,38,017239943
m.Łódź,Akademia-Technikum dla Młodzieży w Łodzi,Kilińskiego 21,Łódź,Chemia PR,1,8,33,017239943
m.Łódź,Akademia-Technikum dla Młodzieży w Łodzi,Kilińskiego 21,Łódź,Geografia PR,3,6,67,017239943
m.Łódź,Akademia-Technikum dla Młodzieży w Łodzi,Kilińskiego 21,Łódź,Język angielski PR,3,25,33,017239943
m.Łódź,Akademia-Technikum dla Młodzieży w Łodzi,Kilińskiego 21,Łódź,Język polski PR,10,33,25,017239943
m.Łódź,Akademia-Technikum dla Młodzieży w Łodzi,Kilińskiego 21,Łódź,Matematyka PR,2,2,0,017239943
m.Łódź,Akademia-Technikum dla Młodzieży w Łodzi,Kilińskiego 21,Łódź,Wiedza o społeczeństwie PR,1,11,67,017239943
m.Łódź,Publiczne Liceum Ogólnokształcące UŁ,Pomorska 161,Łódź,Biologia PR,34,57,21,101483256
m.Łódź,Publiczne Liceum Ogólnokształcące UŁ,Pomorska 161,Łódź,Chemia PR,35,46,33,101483256
m.Łódź,Publiczne Liceum Ogólnokształcące UŁ,Pomorska 161,Łódź,Fizyka PR,7,54,29,101483256
m.Łódź,Publiczne Liceum Ogólnokształcące UŁ,Pomorska 161,Łódź,Geografia PR,17,58,73,101483256
m.Łódź,Publiczne Liceum Ogólnokształcące UŁ,Pomorska 161,Łódź,Historia PR,28,57,79,101483256
m.Łódź,Publiczne Liceum Ogólnokształcące UŁ,Pomorska 161,Łódź,Historia sztuki PR,1,93,33,101483256
m.Łódź,Publiczne Liceum Ogólnokształcące UŁ,Pomorska 161,Łódź,Informatyka PR,1,68,0,101483256
m.Łódź,Publiczne Liceum Ogólnokształcące UŁ,Pomorska 161,Łódź,Język angielski PR,90,82,2,101483256
m.Łódź,Publiczne Liceum Ogólnokształcące UŁ,Pomorska 161,Łódź,Język francuski PR,1,78,0,101483256
m.Łódź,Publiczne Liceum Ogólnokształcące UŁ,Pomorska 161,Łódź,Język łaciński i kultura antyczna PR,7,82,38,101483256
m.Łódź,Publiczne Liceum Ogólnokształcące UŁ,Pomorska 161,Łódź,Język polski PR,33,71,59,101483256
m.Łódź,Publiczne Liceum Ogólnokształcące UŁ,Pomorska 161,Łódź,Matematyka PR,41,60,39,101483256
m.Łódź,Publiczne Liceum Ogólnokształcące UŁ,Pomorska 161,Łódź,Wiedza o społeczeństwie PR,5,67,33,101483256
m.Łódź,Liceum Ogólnokształcące dla Dorosłych SKK,Rewolucji 1905 nr 65,Łódź,Biologia PR,1,13,33,
m.Łódź,Liceum Ogólnokształcące dla Dorosłych SKK,Rewolucji 1905 nr 65,Łódź,Geografia PR,2,10,83,
m.Łódź,Liceum Ogólnokształcące dla Dorosłych SKK,Rewolucji 1905 nr 65,Łódź,Historia PR,1,32,0,
m.Łódź,Liceum Ogólnokształcące dla Dorosłych SKK,Rewolucji 1905 nr 65,Łódź,Język angielski PR,4,46,0,
m.Łódź,Liceum Ogólnokształcące dla Dorosłych SKK,Rewolucji 1905 nr 65,Łódź,Język polski PR,2,58,75,
m.Łódź,Liceum Ogólnokształcące dla Dorosłych SKK,Rewolucji 1905 nr 65,Łódź,Matematyka PR,1,12,0,
m.Łódź,Liceum Akademickie Akademickiego Centrum Edukacyjnego Społecznej Akademii Nauk w Łodzi,Kilińskiego 98,Łódź,Biologia PR,3,32,22,
m.Łódź,Liceum Akademickie Akademickiego Centrum Edukacyjnego Społecznej Akademii Nauk w Łodzi,Kilińskiego 98,Łódź,Geografia PR,1,10,0,
m.Łódź,Liceum Akademickie Akademickiego Centrum Edukacyjnego Społecznej Akademii Nauk w Łodzi,Kilińskiego 98,Łódź,Historia PR,3,24,0,
m.Łódź,Liceum Akademickie Akademickiego Centrum Edukacyjnego Społecznej Akademii Nauk w Łodzi,Kilińskiego 98,Łódź,Język angielski PR,6,68,67,
m.Łódź,Liceum Akademickie Akademickiego Centrum Edukacyjnego Społecznej Akademii Nauk w Łodzi,Kilińskiego 98,Łódź,Język polski PR,7,52,14,
m.Łódź,Liceum Akademickie Akademickiego Centrum Edukacyjnego Społecznej Akademii Nauk w Łodzi,Kilińskiego 98,Łódź,Język rosyjski PR,1,100,0,
m.Łódź,Liceum Akademickie Akademickiego Centrum Edukacyjnego Społecznej Akademii Nauk w Łodzi,Kilińskiego 98,Łódź,Wiedza o społeczeństwie PR,1,46,67,
m.Łódź,Prywatne Liceum Ogólnokształcące Nowoczesna Edukacja,Narutowicza 86,Łódź,Biologia PR,10,41,50,
m.Łódź,Prywatne Liceum Ogólnokształcące Nowoczesna Edukacja,Narutowicza 86,Łódź,Chemia PR,5,19,33,
m.Łódź,Prywatne Liceum Ogólnokształcące Nowoczesna Edukacja,Narutowicza 86,Łódź,Fizyka PR,1,48,33,
m.Łódź,Prywatne Liceum Ogólnokształcące Nowoczesna Edukacja,Narutowicza 86,Łódź,Geografia PR,4,37,92,
m.Łódź,Prywatne Liceum Ogólnokształcące Nowoczesna Edukacja,Narutowicza 86,Łódź,Historia PR,2,60,0,
m.Łódź,Prywatne Liceum Ogólnokształcące Nowoczesna Edukacja,Narutowicza 86,Łódź,Język angielski PR,21,82,0,
m.Łódź,Prywatne Liceum Ogólnokształcące Nowoczesna Edukacja,Narutowicza 86,Łódź,Język niemiecki PR,1,16,0,
m.Łódź,Prywatne Liceum Ogólnokształcące Nowoczesna Edukacja,Narutowicza 86,Łódź,Język polski PR,12,40,42,
m.Łódź,Prywatne Liceum Ogólnokształcące Nowoczesna Edukacja,Narutowicza 86,Łódź,Matematyka PR,5,50,0,
m.Łódź,Prywatne Liceum Ogólnokształcące Nowoczesna Edukacja,Narutowicza 86,Łódź,Wiedza o społeczeństwie PR,9,50,19,
m.Łódź,Technikum nr 18 Poligraficzne im.Mikołaja Reja w Zespole Szkół Poligraficznych w Łodzi,Edwarda 41,Łódź,Fizyka PR,4,12,92,000186660
m.Łódź,Technikum nr 18 Poligraficzne im.Mikołaja Reja w Zespole Szkół Poligraficznych w Łodzi,Edwarda 41,Łódź,Geografia PR,7,14,5,000186660
m.Łódź,Technikum nr 18 Poligraficzne im.Mikołaja Reja w Zespole Szkół Poligraficznych w Łodzi,Edwarda 41,Łódź,Język angielski PR,7,33,71,000186660
m.Łódź,Technikum nr 18 Poligraficzne im.Mikołaja Reja w Zespole Szkół Poligraficznych w Łodzi,Edwarda 41,Łódź,Język polski PR,1,70,0,000186660
m.Łódź,XXIII Liceum Ogólnokształcące im. ks. prof. Józefa Tischnera w Łodzi,Al. Marsz. J. Piłsudskiego 159,Łódź,Biologia PR,26,23,14,
m.Łódź,XXIII Liceum Ogólnokształcące im. ks. prof. Józefa Tischnera w Łodzi,Al. Marsz. J. Piłsudskiego 159,Łódź,Chemia PR,4,5,83,
m.Łódź,XXIII Liceum Ogólnokształcące im. ks. prof. Józefa Tischnera w Łodzi,Al. Marsz. J. Piłsudskiego 159,Łódź,Geografia PR,9,22,59,
m.Łódź,XXIII Liceum Ogólnokształcące im. ks. prof. Józefa Tischnera w Łodzi,Al. Marsz. J. Piłsudskiego 159,Łódź,Historia PR,4,37,50,
m.Łódź,XXIII Liceum Ogólnokształcące im. ks. prof. Józefa Tischnera w Łodzi,Al. Marsz. J. Piłsudskiego 159,Łódź,Język angielski PR,31,35,55,
m.Łódź,XXIII Liceum Ogólnokształcące im. ks. prof. Józefa Tischnera w Łodzi,Al. Marsz. J. Piłsudskiego 159,Łódź,Język francuski PR,1,40,0,
m.Łódź,XXIII Liceum Ogólnokształcące im. ks. prof. Józefa Tischnera w Łodzi,Al. Marsz. J. Piłsudskiego 159,Łódź,Język polski PR,5,67,0,
m.Łódź,XXIII Liceum Ogólnokształcące im. ks. prof. Józefa Tischnera w Łodzi,Al. Marsz. J. Piłsudskiego 159,Łódź,Matematyka PR,5,17,20,
m.Łódź,XXIII Liceum Ogólnokształcące im. ks. prof. Józefa Tischnera w Łodzi,Al. Marsz. J. Piłsudskiego 159,Łódź,Wiedza o społeczeństwie PR,21,17,54,
m.Łódź,XXXII Liceum Ogólnokształcące im. Haliny Poświatowskiej w Zespole Szkół Ogólnokształcących nr 1 w Łodzi,Czajkowskiego14,Łódź,Biologia PR,34,28,19,
m.Łódź,XXXII Liceum Ogólnokształcące im. Haliny Poświatowskiej w Zespole Szkół Ogólnokształcących nr 1 w Łodzi,Czajkowskiego14,Łódź,Chemia PR,23,26,30,
m.Łódź,XXXII Liceum Ogólnokształcące im. Haliny Poświatowskiej w Zespole Szkół Ogólnokształcących nr 1 w Łodzi,Czajkowskiego14,Łódź,Fizyka PR,4,24,17,
m.Łódź,XXXII Liceum Ogólnokształcące im. Haliny Poświatowskiej w Zespole Szkół Ogólnokształcących nr 1 w Łodzi,Czajkowskiego14,Łódź,Geografia PR,58,35,80,
m.Łódź,XXXII Liceum Ogólnokształcące im. Haliny Poświatowskiej w Zespole Szkół Ogólnokształcących nr 1 w Łodzi,Czajkowskiego14,Łódź,Historia PR,16,38,13,
m.Łódź,XXXII Liceum Ogólnokształcące im. Haliny Poświatowskiej w Zespole Szkół Ogólnokształcących nr 1 w Łodzi,Czajkowskiego14,Łódź,Historia sztuki PR,1,13,33,
m.Łódź,XXXII Liceum Ogólnokształcące im. Haliny Poświatowskiej w Zespole Szkół Ogólnokształcących nr 1 w Łodzi,Czajkowskiego14,Łódź,Informatyka PR,2,15,0,
m.Łódź,XXXII Liceum Ogólnokształcące im. Haliny Poświatowskiej w Zespole Szkół Ogólnokształcących nr 1 w Łodzi,Czajkowskiego14,Łódź,Język angielski PR,97,55,38,
m.Łódź,XXXII Liceum Ogólnokształcące im. Haliny Poświatowskiej w Zespole Szkół Ogólnokształcących nr 1 w Łodzi,Czajkowskiego14,Łódź,Język hiszpański PR,10,39,40,
m.Łódź,XXXII Liceum Ogólnokształcące im. Haliny Poświatowskiej w Zespole Szkół Ogólnokształcących nr 1 w Łodzi,Czajkowskiego14,Łódź,Język niemiecki PR,2,51,0,
m.Łódź,XXXII Liceum Ogólnokształcące im. Haliny Poświatowskiej w Zespole Szkół Ogólnokształcących nr 1 w Łodzi,Czajkowskiego14,Łódź,Język polski PR,18,66,25,
m.Łódź,XXXII Liceum Ogólnokształcące im. Haliny Poświatowskiej w Zespole Szkół Ogólnokształcących nr 1 w Łodzi,Czajkowskiego14,Łódź,Matematyka PR,31,34,52,
m.Łódź,XXXII Liceum Ogólnokształcące im. Haliny Poświatowskiej w Zespole Szkół Ogólnokształcących nr 1 w Łodzi,Czajkowskiego14,Łódź,Wiedza o społeczeństwie PR,16,17,29,
m.Łódź,XLVII Liceum Ogólnokształcące w Zespole  Szkół Ogólnokształcących Nr 8 im. Stanisława Staszica,Czernika 1/3,Łódź,Biologia PR,6,22,50,360212430
m.Łódź,XLVII Liceum Ogólnokształcące w Zespole  Szkół Ogólnokształcących Nr 8 im. Stanisława Staszica,Czernika 1/3,Łódź,Chemia PR,6,13,6,360212430
m.Łódź,XLVII Liceum Ogólnokształcące w Zespole  Szkół Ogólnokształcących Nr 8 im. Stanisława Staszica,Czernika 1/3,Łódź,Fizyka PR,1,10,0,360212430
m.Łódź,XLVII Liceum Ogólnokształcące w Zespole  Szkół Ogólnokształcących Nr 8 im. Stanisława Staszica,Czernika 1/3,Łódź,Geografia PR,6,25,0,360212430
m.Łódź,XLVII Liceum Ogólnokształcące w Zespole  Szkół Ogólnokształcących Nr 8 im. Stanisława Staszica,Czernika 1/3,Łódź,Historia PR,6,34,0,360212430
m.Łódź,XLVII Liceum Ogólnokształcące w Zespole  Szkół Ogólnokształcących Nr 8 im. Stanisława Staszica,Czernika 1/3,Łódź,Język angielski PR,26,42,31,360212430
m.Łódź,XLVII Liceum Ogólnokształcące w Zespole  Szkół Ogólnokształcących Nr 8 im. Stanisława Staszica,Czernika 1/3,Łódź,Język polski PR,8,50,0,360212430
m.Łódź,XLVII Liceum Ogólnokształcące w Zespole  Szkół Ogólnokształcących Nr 8 im. Stanisława Staszica,Czernika 1/3,Łódź,Matematyka PR,1,0,0,360212430
m.Łódź,XLVII Liceum Ogólnokształcące w Zespole  Szkół Ogólnokształcących Nr 8 im. Stanisława Staszica,Czernika 1/3,Łódź,Wiedza o społeczeństwie PR,9,24,81,360212430
m.Łódź,Liceum Ogólnokształcące dla Dorosłych w Łodzi,Piotra Czajkowskiego 14,Łódź,Biologia PR,1,21,67,364306725
m.Łódź,Liceum Ogólnokształcące dla Dorosłych w Łodzi,Piotra Czajkowskiego 14,Łódź,Język angielski PR,4,28,0,364306725
m.Łódź,Liceum Ogólnokształcące dla Dorosłych w Łodzi,Piotra Czajkowskiego 14,Łódź,Język polski PR,1,52,50,364306725
m.Łódź,Liceum Ogólnokształcące dla Dorosłych w Łodzi,Piotra Czajkowskiego 14,Łódź,Matematyka PR,2,3,0,364306725
m.Łódź,Liceum Ogólnokształcące dla Dorosłych,al. marsz. Józefa Piłsudskiego 135,Łódź,Biologia PR,1,11,67,
m.Łódź,Liceum Ogólnokształcące dla Dorosłych,al. marsz. Józefa Piłsudskiego 135,Łódź,Geografia PR,11,10,15,
m.Łódź,Liceum Ogólnokształcące dla Dorosłych,al. marsz. Józefa Piłsudskiego 135,Łódź,Historia sztuki PR,1,25,0,
m.Łódź,Liceum Ogólnokształcące dla Dorosłych,al. marsz. Józefa Piłsudskiego 135,Łódź,Informatyka PR,1,4,0,
m.Łódź,Liceum Ogólnokształcące dla Dorosłych,al. marsz. Józefa Piłsudskiego 135,Łódź,Język angielski PR,10,45,80,
m.Łódź,Liceum Ogólnokształcące dla Dorosłych,al. marsz. Józefa Piłsudskiego 135,Łódź,Język polski PR,6,45,0,
m.Łódź,Liceum Ogólnokształcące dla Dorosłych,al. marsz. Józefa Piłsudskiego 135,Łódź,Matematyka PR,2,5,0,
m.Łódź,Liceum Ogólnokształcące dla Dorosłych,al. marsz. Józefa Piłsudskiego 135,Łódź,Wiedza o społeczeństwie PR,1,10,0,
m.Łódź,Liceum Ogólnokształcące GKJ,al.Piłsudskiego135,Łódź,Biologia PR,16,8,44,
m.Łódź,Liceum Ogólnokształcące GKJ,al.Piłsudskiego135,Łódź,Chemia PR,3,9,44,
m.Łódź,Liceum Ogólnokształcące GKJ,al.Piłsudskiego135,Łódź,Filozofia PR,1,6,0,
m.Łódź,Liceum Ogólnokształcące GKJ,al.Piłsudskiego135,Łódź,Geografia PR,17,13,73,
m.Łódź,Liceum Ogólnokształcące GKJ,al.Piłsudskiego135,Łódź,Historia PR,5,17,60,
m.Łódź,Liceum Ogólnokształcące GKJ,al.Piłsudskiego135,Łódź,Język angielski PR,36,37,78,
m.Łódź,Liceum Ogólnokształcące GKJ,al.Piłsudskiego135,Łódź,Język hiszpański PR,1,34,0,
m.Łódź,Liceum Ogólnokształcące GKJ,al.Piłsudskiego135,Łódź,Język łaciński i kultura antyczna PR,1,26,67,
m.Łódź,Liceum Ogólnokształcące GKJ,al.Piłsudskiego135,Łódź,Język niemiecki PR,3,50,67,
m.Łódź,Liceum Ogólnokształcące GKJ,al.Piłsudskiego135,Łódź,Język polski PR,13,66,15,
m.Łódź,Liceum Ogólnokształcące GKJ,al.Piłsudskiego135,Łódź,Język rosyjski PR,1,42,0,
m.Łódź,Liceum Ogólnokształcące GKJ,al.Piłsudskiego135,Łódź,Język włoski PR,1,90,0,
m.Łódź,Liceum Ogólnokształcące GKJ,al.Piłsudskiego135,Łódź,Matematyka PR,7,6,29,
m.Łódź,Liceum Ogólnokształcące GKJ,al.Piłsudskiego135,Łódź,Wiedza o społeczeństwie PR,15,16,0,
m.Łódź,"Międzynarodowa Szkoła Mistrzostwa Sportowego Liceum Ogólnokształcące ""Edukacja i Sport""",Brzozowa,Łódź,Biologia PR,3,10,56,
m.Łódź,"Międzynarodowa Szkoła Mistrzostwa Sportowego Liceum Ogólnokształcące ""Edukacja i Sport""",Brzozowa,Łódź,Chemia PR,1,5,0,
m.Łódź,"Międzynarodowa Szkoła Mistrzostwa Sportowego Liceum Ogólnokształcące ""Edukacja i Sport""",Brzozowa,Łódź,Historia sztuki PR,1,5,0,
m.Łódź,"Międzynarodowa Szkoła Mistrzostwa Sportowego Liceum Ogólnokształcące ""Edukacja i Sport""",Brzozowa,Łódź,Język angielski PR,11,46,0,
m.Łódź,"Międzynarodowa Szkoła Mistrzostwa Sportowego Liceum Ogólnokształcące ""Edukacja i Sport""",Brzozowa,Łódź,Język polski PR,5,66,0,
m.Łódź,"Międzynarodowa Szkoła Mistrzostwa Sportowego Liceum Ogólnokształcące ""Edukacja i Sport""",Brzozowa,Łódź,Język rosyjski PR,29,89,24,
m.Łódź,"Międzynarodowa Szkoła Mistrzostwa Sportowego Liceum Ogólnokształcące ""Edukacja i Sport""",Brzozowa,Łódź,Matematyka PR,3,10,67,
m.Łódź,"Międzynarodowa Szkoła Mistrzostwa Sportowego Liceum Ogólnokształcące ""Edukacja i Sport""",Brzozowa,Łódź,Wiedza o społeczeństwie PR,6,21,94,
